,AAPL,AAPL,AAPL,AAPL,AAPL,AAPL,AAPL,GOOGL,GOOGL,GOOGL,GOOGL,GOOGL,GOOGL,GOOGL,MSFT,MSFT,MSFT,MSFT,MSFT,MSFT,MSFT,AMZN,AMZN,AMZN,AMZN,AMZN,AMZN,AMZN
,Open,High,Low,Close,Volume,Dividends,Stock Splits,Open,High,Low,Close,Volume,Dividends,Stock Splits,Open,High,Low,Close,Volume,Dividends,Stock Splits,Open,High,Low,Close,Volume,Dividends,Stock Splits
Date,,,,,,,,,,,,,,,,,,,,,,,,,,,,
2023-09-05 00:00:00-04:00,187.32145354255775,189.0127957001277,186.65486637614924,188.73422241210938,45280000,0.0,0.0,135.2847410898484,136.26361340142148,134.42572633932184,135.61436462402344,19403100,0.0,0.0,326.5489125750725,332.3553354676578,326.211449248575,331.06500244140625,18553900,0.0,0.0,137.72999572753906,137.8000030517578,135.82000732421875,137.27000427246094,40636700,0.0,0.0
2023-09-06 00:00:00-04:00,187.44083042051423,187.8885515697604,180.54611904026743,181.97879028320312,81755800,0.0,0.0,135.8640716118609,136.3734814635149,133.51675954372712,134.3058624267578,18684500,0.0,0.0,330.8962688139472,331.96820930797134,327.7200972260983,330.3999938964844,17535800,0.0,0.0,136.32000732421875,137.4499969482422,134.61000061035156,135.36000061035156,41785500,0.0,0.0
2023-09-07 00:00:00-04:00,174.28813308808728,177.3027210091296,172.65648310613733,176.65602111816406,112488800,0.0,0.0,133.43685098164192,135.42457516551232,132.79758527667957,135.1049346923828,18844300,0.0,0.0,328.82187217644434,330.5985147280595,326.57869965960975,327.4521484375,18381000,0.0,0.0,133.89999389648438,138.02999877929688,133.16000366210938,137.85000610351562,48498900,0.0,0.0
2023-09-08 00:00:00-04:00,177.4420208090181,179.322398154407,176.88485903388653,177.2728729248047,65551300,0.0,0.0,134.75534727043336,136.5033411279822,134.69541849106776,136.22366333007812,23558300,0.0,0.0,327.6307814010701,333.6555663530754,327.0054701394981,331.7796325683594,19530100,0.0,0.0,136.86000061035156,138.85000610351562,136.75,138.22999572753906,38348200,0.0,0.0
2023-09-11 00:00:00-04:00,179.1532609267806,179.3820857333108,176.43714857784286,178.44686889648438,58953100,0.0,0.0,136.3834617664095,137.32238657475634,135.6343215777876,136.76303100585938,20763400,0.0,0.0,334.72753568209174,335.8987676444886,332.9310226945376,335.4223327636719,16583300,0.0,0.0,138.75,143.6199951171875,138.63999938964844,143.10000610351562,56764500,0.0,0.0
2023-09-12 00:00:00-04:00,178.57621253449193,179.21295365394195,173.92998956925265,175.40245056152344,90370200,0.0,0.0,136.10378847009338,136.71308978658323,135.03502302455672,135.18484497070312,18405500,0.0,0.0,333.3180933022371,334.2808678550751,329.01043064743953,329.2982482910156,17565500,0.0,0.0,142.32000732421875,143.0,140.61000061035156,141.22999572753906,42668500,0.0,0.0
2023-09-13 00:00:00-04:00,175.61136797028576,176.39735451835386,173.09424961765745,173.32308959960938,84267900,0.0,0.0,134.9351304795733,136.74305307456453,133.9962056478262,136.55328369140625,20749500,0.0,0.0,328.84169307680645,334.3404278056004,328.7027518467352,333.5563049316406,16544400,0.0,0.0,140.9499969482422,144.97999572753906,140.8699951171875,144.85000610351562,60465200,0.0,0.0
2023-09-14 00:00:00-04:00,173.11415933790715,175.203474229945,172.69629939572079,174.84530639648438,60895800,0.0,0.0,137.4422693383518,138.5409992165823,136.08382775479808,137.9416961669922,24751000,0.0,0.0,336.6232649865156,338.32051669539555,334.06249978171803,336.1766357421875,20267000,0.0,0.0,145.0800018310547,145.86000061035156,142.9499969482422,144.72000122070312,64033600,0.0,0.0
2023-09-15 00:00:00-04:00,175.58152061163142,175.6014230405891,172.93507444225742,174.11900329589844,109205100,0.0,0.0,137.82181432919253,138.36120380389121,136.32353394149047,137.2424774169922,38908400,0.0,0.0,334.4099230549225,334.88632761750563,327.1940659518699,327.75982666015625,37666900,0.0,0.0,142.69000244140625,143.57000732421875,140.08999633789062,140.38999938964844,102861700,0.0,0.0
2023-09-18 00:00:00-04:00,175.581529763006,178.46677486804185,175.2731104130604,177.06394958496094,67257600,0.0,0.0,136.45338763008775,139.00046729720438,136.45338763008775,138.0515594482422,21861300,0.0,0.0,325.35783693717775,327.9384726704456,323.9285626938361,326.60845947265625,16834200,0.0,0.0,140.47999572753906,141.75,139.22000122070312,139.97999572753906,42823500,0.0,0.0
2023-09-19 00:00:00-04:00,176.61624378037055,178.71550230451194,176.2282298911267,178.15835571289062,51826900,0.0,0.0,137.26246002932052,138.25133058124104,136.46337410020968,137.88174438476562,20353700,0.0,0.0,323.7400032851701,326.93601506692033,322.09236687194795,326.2015075683594,16505900,0.0,0.0,138.6999969482422,138.83999633789062,135.55999755859375,137.6300048828125,61482500,0.0,0.0
2023-09-20 00:00:00-04:00,178.34736859632218,178.78513095270657,174.50701953500308,174.59657287597656,58436200,0.0,0.0,137.9217061217591,137.9217061217591,133.46681238527364,133.58668518066406,29927500,0.0,0.0,327.0550938252787,327.1344844814706,318.1221456379955,318.38018798828125,21436500,0.0,0.0,138.5500030517578,139.3699951171875,135.1999969482422,135.2899932861328,46263700,0.0,0.0
2023-09-21 00:00:00-04:00,173.6613484591455,175.40243900334556,172.97485890131273,173.04449462890625,63047900,0.0,0.0,131.28931991078622,132.07840755034786,129.92089535299738,130.29046630859375,31488700,0.0,0.0,316.8814670316292,322.92609183504493,312.6531950814676,317.1494445800781,35529500,0.0,0.0,131.94000244140625,132.24000549316406,129.30999755859375,129.3300018310547,70234800,0.0,0.0
2023-09-22 00:00:00-04:00,173.7807317594859,176.1784657970126,173.16389311357293,173.90011596679688,56725400,0.0,0.0,130.61008732405898,131.87863562549973,129.45142876626406,130.10067749023438,26397300,0.0,0.0,318.92611112009774,319.0551474413878,313.7946152923814,314.6482238769531,21447900,0.0,0.0,131.11000061035156,132.02999877929688,128.52000427246094,129.1199951171875,59904300,0.0,0.0
2023-09-25 00:00:00-04:00,173.31314471379625,176.06904689371132,173.26339622758928,175.18357849121094,46172700,0.0,0.0,129.68117009635395,131.01963031796447,128.81217230552127,130.95970153808594,20094600,0.0,0.0,314.2313514209535,315.3033222148036,312.65320080410174,315.1742858886719,17836000,0.0,0.0,129.36000061035156,131.77999877929688,128.77000427246094,131.27000427246094,46017800,0.0,0.0
2023-09-26 00:00:00-04:00,173.92998914160827,174.3080442177515,170.78607323032008,171.0845489501953,64588900,0.0,0.0,129.62124402719195,130.21056403005105,127.07416414000936,128.42262268066406,25718700,0.0,0.0,312.7822284176501,313.5266407797813,307.7102831060834,309.81451416015625,26297600,0.0,0.0,130.1199951171875,130.38999938964844,125.27999877929688,125.9800033569336,73048200,0.0,0.0
2023-09-27 00:00:00-04:00,171.74118527392528,172.1590452286691,168.1893680680496,169.5623321533203,66921800,0.0,0.0,128.42262264949215,130.7499382697977,128.42262264949215,130.39035034179688,22746500,0.0,0.0,309.97331623944353,311.95841600476876,307.3827755849991,310.4596862792969,19410100,0.0,0.0,125.76000213623047,127.4800033569336,124.12999725341797,125.9800033569336,66553400,0.0,0.0
2023-09-28 00:00:00-04:00,168.4778812232559,171.15418877973661,166.76663658151597,169.82101440429688,56294400,0.0,0.0,129.6911554380616,133.14719580467656,129.64120970684775,132.1583251953125,22513100,0.0,0.0,308.67309369189115,313.129663484384,307.1445886054108,311.3033752441406,19683600,0.0,0.0,124.04000091552734,126.58000183105469,123.04000091552734,125.9800033569336,54555000,0.0,0.0
2023-09-29 00:00:00-04:00,171.14425277832726,172.18891027887835,169.47279774122418,170.33837890625,51814200,0.0,0.0,133.12721549992597,133.8963370909722,130.21056462164765,130.70999145507812,30848100,0.0,0.0,315.38268250429905,317.08986928288607,312.6333306061424,313.3975830078125,24140300,0.0,0.0,128.1999969482422,129.14999389648438,126.31999969482422,127.12000274658203,62377600,0.0,0.0
2023-10-02 00:00:00-04:00,170.3483142712696,173.4126357064522,170.05978216988254,172.8654327392578,52164500,0.0,0.0,131.0595913684546,134.26590298244759,131.019628688168,134.0161895751953,22288000,0.0,0.0,313.923662635264,319.4918829965885,312.83185175164965,319.40252685546875,20570000,0.0,0.0,127.27999877929688,130.47000122070312,126.54000091552734,129.4600067138672,48029700,0.0,0.0
2023-10-03 00:00:00-04:00,171.38302169456196,172.74605737014042,169.95036546312002,171.52230834960938,49594600,0.0,0.0,133.78646176563075,134.1060870116109,131.6888629814401,132.27818298339844,22989400,0.0,0.0,318.4397804218236,318.9956362491157,308.8914549504257,311.05523681640625,21033500,0.0,0.0,128.05999755859375,128.52000427246094,124.25,124.72000122070312,51565000,0.0,0.0
2023-10-04 00:00:00-04:00,170.21897084309467,173.3230971309324,170.09958662548377,172.77589416503906,53020300,0.0,0.0,132.63777250489196,135.41459973726865,132.37807603683117,135.08497619628906,26752300,0.0,0.0,311.69044594708276,317.6556805784102,311.6606706614946,316.5837097167969,20720100,0.0,0.0,126.05999755859375,127.36000061035156,125.68000030517578,127.0,44203900,0.0,0.0
2023-10-05 00:00:00-04:00,172.90520772151876,174.55676010717852,171.80085825654203,174.01951599121094,48527900,0.0,0.0,134.9151611328125,135.33467780984006,133.29700795993918,134.9151611328125,19832600,0.0,0.0,316.7127048376248,317.59608867881946,312.55391884707683,316.9806823730469,16965600,0.0,0.0,126.70999908447266,126.7300033569336,124.33000183105469,125.95999908447266,39660600,0.0,0.0
2023-10-06 00:00:00-04:00,172.91517880372774,177.08384973941267,172.29832493065717,176.58639526367188,57224100,0.0,0.0,133.85637214120655,138.00162393322387,133.85637214120655,137.4222869873047,27583200,0.0,0.0,314.19166786693273,326.73751350712405,313.9435303847158,324.8218994140625,25645500,0.0,0.0,124.16000366210938,128.4499969482422,124.12999725341797,127.95999908447266,46795900,0.0,0.0
2023-10-09 00:00:00-04:00,175.90985637330823,178.13845797965874,174.9050037570049,178.07876586914062,42390800,0.0,0.0,136.7830228697538,138.78073019312384,135.45454567075706,138.26132202148438,19278100,0.0,0.0,322.33058809764515,327.83922806451926,320.7722774459653,327.3628234863281,19891200,0.0,0.0,126.22000122070312,128.7899932861328,124.76000213623047,128.25999450683594,38773700,0.0,0.0
2023-10-10 00:00:00-04:00,177.1932793662593,178.80502690996764,177.04403392410916,177.48179626464844,43698000,0.0,0.0,138.3412314459709,139.5598341263872,137.17257449664652,137.9017333984375,27786600,0.0,0.0,328.49428095238494,328.63325246691477,325.22881384353616,325.9434509277344,20557100,0.0,0.0,128.82000732421875,130.74000549316406,128.0500030517578,129.47999572753906,42178600,0.0,0.0
2023-10-11 00:00:00-04:00,177.29276793860927,178.934376778521,176.69583169045495,178.88462829589844,47551100,0.0,0.0,138.42114256101928,140.94824111117805,138.42114256101928,140.38888549804688,25884300,0.0,0.0,328.7424437403516,330.3404648295005,326.68788846890175,329.9434509277344,20063200,0.0,0.0,129.74000549316406,132.0500030517578,129.61000061035156,131.8300018310547,40741800,0.0,0.0
2023-10-12 00:00:00-04:00,179.15326740464937,181.41169985997632,178.12849718812186,179.79000854492188,56743100,0.0,0.0,140.88830149400823,141.05810477484198,138.10149145116426,138.81068420410156,24765500,0.0,0.0,328.1072092853089,331.1444093855144,326.27098601539205,328.69281005859375,19313100,0.0,0.0,132.1699981689453,134.47999572753906,131.22999572753906,132.3300018310547,55528600,0.0,0.0
2023-10-13 00:00:00-04:00,180.49639192036372,181.00379005349217,177.23309156129875,177.93948364257812,51427100,0.0,0.0,139.2202184291656,139.8395027785415,136.4633727628162,137.20252990722656,23420500,0.0,0.0,329.903742111262,331.34292129868646,323.92857230030273,325.28839111328125,21072400,0.0,0.0,132.97999572753906,133.30999755859375,128.9499969482422,129.7899932861328,45786600,0.0,0.0
2023-10-16 00:00:00-04:00,175.8501629741456,178.16830272928576,175.6113793527165,177.8101348876953,52517000,0.0,0.0,138.01160991813938,139.4699429842347,137.83182357314956,138.9405517578125,28501900,0.0,0.0,328.5836232462098,333.6357287537212,328.13699397761906,330.16180419921875,22158000,0.0,0.0,130.69000244140625,133.07000732421875,130.42999267578125,132.5500030517578,42832900,0.0,0.0
2023-10-17 00:00:00-04:00,175.75066866925187,177.5116618488765,173.91009612905006,176.2481231689453,57549400,0.0,0.0,138.47108291851592,139.73961604860142,137.02273296914953,139.55982971191406,23515800,0.0,0.0,327.13449082622344,330.97565377481976,324.97073949298976,329.5860900878906,18338500,0.0,0.0,130.38999938964844,132.5800018310547,128.7100067138672,131.47000122070312,49344600,0.0,0.0
2023-10-18 00:00:00-04:00,174.68612282816727,176.67594081434376,174.21851438692727,174.94479370117188,54764400,0.0,0.0,139.29013147483778,140.55867981442898,137.22251244826595,137.80184936523438,23375000,0.0,0.0,330.0128776495507,333.08978812806225,325.8540915096359,327.6506042480469,23153600,0.0,0.0,129.89999389648438,130.6699981689453,127.51000213623047,128.1300048828125,42699500,0.0,0.0
2023-10-19 00:00:00-04:00,175.14376050177813,176.93459960324938,174.2980970240733,174.5667266845703,59302900,0.0,0.0,138.3412270104604,139.49990087293577,137.2225158280962,137.5920867919922,26066000,0.0,0.0,329.6754265828691,334.3701982773264,328.4446744618753,328.85162353515625,25052100,0.0,0.0,130.57000732421875,132.24000549316406,127.47000122070312,128.39999389648438,60961400,0.0,0.0
2023-10-20 00:00:00-04:00,174.41749958516885,174.52694018569107,171.76109429733708,171.9998779296875,64189300,0.0,0.0,137.17257741453423,137.7119516944276,134.92515663926625,135.44456481933594,26315200,0.0,0.0,329.2486316275631,329.4471537101373,323.02535508266214,324.23626708984375,25012600,0.0,0.0,128.0500030517578,128.1699981689453,124.97000122070312,125.16999816894531,56343300,0.0,0.0
2023-10-23 00:00:00-04:00,170.03989138552444,173.12410000549235,169.06486968930292,172.11924743652344,55980100,0.0,0.0,134.88518810552807,137.50219499217107,133.79644130176317,136.34352111816406,26317900,0.0,0.0,323.04522338424306,330.2511454898498,321.9732827993013,326.8665466308594,24374700,0.0,0.0,124.62999725341797,127.87999725341797,123.9800033569336,126.55999755859375,48260000,0.0,0.0
2023-10-24 00:00:00-04:00,172.1689929614087,172.7858316385813,170.57713260476945,172.5570068359375,43816600,0.0,0.0,137.6719914020612,139.20023616728085,137.26245777444126,138.65086364746094,44814300,0.0,0.0,328.83175737255755,329.3677427796377,325.1593410549649,328.0675048828125,31153600,0.0,0.0,127.73999786376953,128.8000030517578,126.33999633789062,128.55999755859375,46477400,0.0,0.0
2023-10-25 00:00:00-04:00,171.00495537970454,172.17894065511763,169.78120643940753,170.2289276123047,57157000,0.0,0.0,128.01308318911006,128.1629051351139,124.92662155041005,125.46600341796875,84366200,0.0,0.0,342.44952546072614,343.6207572602337,335.1046629050586,338.1319580078125,55053800,0.0,0.0,126.04000091552734,126.33999633789062,120.79000091552734,121.38999938964844,74577500,0.0,0.0
2023-10-26 00:00:00-04:00,169.50262292880518,170.50749062478292,164.82655417657887,166.04034423828125,70625300,0.0,0.0,123.12867920869432,124.18746920062787,121.13097202021733,122.13981628417969,57061100,0.0,0.0,338.00292320069326,339.08479886651975,324.50423962992227,325.4471740722656,37828500,0.0,0.0,120.62999725341797,121.63999938964844,118.3499984741211,119.56999969482422,100419500,0.0,0.0
2023-10-27 00:00:00-04:00,166.06025811746898,168.09982452120383,165.98066357895524,167.36358642578125,58499100,0.0,0.0,122.73913053185565,123.16863789485521,120.07219318564019,122.02994537353516,44566500,0.0,0.0,327.96825083738605,334.21139808780646,325.9533757848623,327.3528747558594,29856500,0.0,0.0,126.19999694824219,130.02000427246094,125.5199966430664,127.73999786376953,125309300,0.0,0.0
2023-10-30 00:00:00-04:00,168.15951125981562,170.29855938255494,168.01026581195362,169.42303466796875,51131000,0.0,0.0,123.06875474082779,125.25624662741124,122.60928298586772,124.31732177734375,28940100,0.0,0.0,330.9260284377432,336.921037638267,329.3577828102495,334.7969665527344,22828100,0.0,0.0,129.72000122070312,133.0,128.55999755859375,132.7100067138672,72485500,0.0,0.0
2023-10-31 00:00:00-04:00,168.48785050428057,170.0299473577377,167.04522026417104,169.90061950683594,44846000,0.0,0.0,124.91663168261701,125.2262814878594,122.54935347277534,123.93775939941406,26292300,0.0,0.0,336.3255108784327,336.47438729264275,332.19650001311294,335.59100341796875,20265300,0.0,0.0,132.75,133.57000732421875,131.7100067138672,133.08999633789062,51589400,0.0,0.0
2023-11-01 00:00:00-04:00,170.12943912175612,173.34299094334614,169.25391434317544,173.08432006835938,56934900,0.0,0.0,123.92776955642827,126.3449935118221,123.5781723100942,126.30503845214844,30082400,0.0,0.0,337.25854792853954,344.8317087124147,337.1195763995562,343.49176025390625,28158800,0.0,0.0,133.9600067138672,137.35000610351562,133.7100067138672,137.0,61529400,0.0,0.0
2023-11-02 00:00:00-04:00,174.62643385748567,176.87492275709644,174.56674174580408,176.66600036621094,77334800,0.0,0.0,128.27278337764272,128.8321389807397,126.78449357903192,127.3438491821289,27124600,0.0,0.0,344.6530047712634,346.2311554187722,342.2014053977885,345.7249755859375,24348100,0.0,0.0,138.72999572753906,138.80999755859375,136.47000122070312,138.07000732421875,52236700,0.0,0.0
2023-11-03 00:00:00-04:00,173.35293714814614,175.91980400512907,172.46746880912187,175.7506561279297,79763700,0.0,0.0,127.87324734750763,129.3815108580686,127.71342710708744,128.95201110839844,26380100,0.0,0.0,347.02520380842185,351.74975071794626,344.74232101279864,350.17156982421875,23624000,0.0,0.0,138.99000549316406,139.49000549316406,137.4499969482422,138.60000610351562,44007200,0.0,0.0
2023-11-06 00:00:00-05:00,175.4820538657156,178.51651416370188,175.31292115784572,178.31753540039062,63841300,0.0,0.0,128.90205625451443,130.1905706536218,128.52248702070634,130.10067749023438,19052700,0.0,0.0,350.8167392378533,354.876264288635,350.7174781997219,353.873779296875,23828300,0.0,0.0,138.75999450683594,140.72999572753906,138.36000061035156,139.74000549316406,44970400,0.0,0.0
2023-11-07 00:00:00-05:00,178.26778904424575,181.51120213128718,178.05886665366,180.8943634033203,70530000,0.0,0.0,130.560158292108,131.75877954117206,129.73110799083722,130.81985473632812,29757300,0.0,0.0,356.7224079701727,359.7596080704009,354.965605650305,357.843994140625,25833900,0.0,0.0,140.5500030517578,143.3699951171875,140.5,142.7100067138672,53553500,0.0,0.0
2023-11-08 00:00:00-05:00,181.42166389578628,182.51605469721648,180.66552333290383,181.9589080810547,49340300,0.0,0.0,130.81986025720835,132.05844423691326,130.63007563018215,131.68885803222656,26425800,0.0,0.0,358.9854453710504,361.15913210438504,357.8638591225914,360.494140625,26767800,0.0,0.0,142.97000122070312,143.1199951171875,141.22000122070312,142.0800018310547,44521700,0.0,0.0
2023-11-09 00:00:00-05:00,182.02855674425712,183.1826396429678,180.88440228921007,181.48135375976562,53763500,0.0,0.0,131.80872765205595,132.39804761765248,129.9208949592849,130.0906982421875,23747800,0.0,0.0,359.600798335479,362.07226805792885,357.67524920435096,358.0028076171875,24847300,0.0,0.0,142.02000427246094,142.64999389648438,139.83999633789062,140.60000610351562,36235400,0.0,0.0
2023-11-10 00:00:00-05:00,183.27453648198352,185.8647137408318,182.83619738884556,185.69534301757812,66133400,0.24,0.0,129.95086767320913,132.64776951547282,129.2616562070234,132.43800354003906,26913300,0.0,0.0,358.79681326613644,367.3426826939886,358.37995931758695,366.9158935546875,28042100,0.0,0.0,140.4600067138672,143.64999389648438,139.91000366210938,143.55999755859375,49287800,0.0,0.0
2023-11-13 00:00:00-05:00,185.1175429542476,185.3267405684616,183.51362870714988,184.1013946533203,43627500,0.0,0.0,131.6289259384305,132.43799491428481,131.09953475074076,131.93856811523438,18324800,0.0,0.0,365.47674708793227,365.72488457766417,363.17402391356717,363.9482116699219,19986500,0.0,0.0,142.0800018310547,143.22999572753906,140.6699981689453,142.58999633789062,35680600,0.0,0.0
2023-11-14 00:00:00-05:00,186.99042643314226,187.3988801404597,185.59572499487004,186.73141479492188,60108400,0.0,0.0,134.03616599725586,135.54442943485125,133.1671682491184,133.46681213378906,32395200,0.0,0.0,368.2459516221875,369.17895096034954,364.61321531853474,367.5114440917969,27683900,0.0,0.0,145.0,147.25999450683594,144.67999267578125,145.8000030517578,56674600,0.0,0.0
2023-11-15 00:00:00-05:00,187.13987177614973,188.78362815723474,187.0701291024632,187.29925537109375,53790500,0.0,0.0,134.71538112641042,134.87520136147424,133.4168836300822,134.46566772460938,23861500,0.0,0.0,369.2618480370104,371.10179814180987,365.11450137215627,367.6606140136719,26860100,0.75,0.0,147.05999755859375,147.2899932861328,142.58999633789062,143.1999969482422,63875700,0.0,0.0
2023-11-16 00:00:00-05:00,188.85338872723497,190.23813359679093,187.93685316364744,188.99285888671875,54412900,0.0,0.0,135.03502988392535,137.0627016116886,134.16603206954036,136.7730255126953,28013200,0.0,0.0,368.943632873062,374.30435001625926,368.16787378879644,374.1253356933594,27182300,0.0,0.0,140.91000366210938,143.32000732421875,139.52000427246094,142.8300018310547,49653500,0.0,0.0
2023-11-17 00:00:00-05:00,189.53079624428992,189.66030966849544,187.85715445966235,188.97291564941406,50922700,0.0,0.0,135.84408812410376,135.90401690084525,133.4967760930879,135.15487670898438,37240600,0.0,0.0,371.5792022635868,372.3350809432151,365.005145947623,367.83966064453125,40157000,0.0,0.0,142.66000366210938,145.22999572753906,142.5399932861328,145.17999267578125,49636700,0.0,0.0
2023-11-20 00:00:00-05:00,189.1721570341783,191.18452507182084,189.16220030963925,190.72625732421875,46505100,0.0,0.0,133.53674810679135,136.5033446932468,133.46682103484048,136.09381103515625,27815500,0.0,0.0,369.2022053086174,376.810617053383,368.98339992208895,375.3883972167969,52465100,0.0,0.0,145.1300048828125,146.6300048828125,144.72999572753906,146.1300048828125,41951200,0.0,0.0
2023-11-21 00:00:00-05:00,190.68640490239304,190.79598967081523,189.0227199280596,189.9193115234375,38134500,0.0,0.0,136.1337598607609,137.0227390166426,135.80415156228685,136.81298828125,22635300,0.0,0.0,373.62804899357167,374.17504731314,369.1027624295918,371.04217529296875,28423100,0.0,0.0,143.91000366210938,144.0500030517578,141.5,143.89999389648438,71226000,0.0,0.0
2023-11-22 00:00:00-05:00,190.76613471931282,192.20067846046405,190.10862600392616,190.58680725097656,39617700,0.0,0.0,137.31240287371818,139.26016430662656,137.31240287371818,138.33123779296875,17813900,0.0,0.0,375.94535168873216,377.7256305034054,372.9318227027555,375.7961730957031,23345300,0.0,0.0,144.57000732421875,147.74000549316406,144.57000732421875,146.7100067138672,45669100,0.0,0.0
2023-11-24 00:00:00-05:00,190.14843790944465,190.1783232825699,188.53456695625997,189.25184631347656,24048300,0.0,0.0,137.87177018999702,137.97166165303722,135.83411541913406,136.53330993652344,12514300,0.0,0.0,375.2789554627134,375.91549121999134,373.1008874444975,375.37841796875,10176600,0.0,0.0,146.6999969482422,147.1999969482422,145.32000732421875,146.74000549316406,22378400,0.0,0.0
2023-11-27 00:00:00-05:00,189.20202317699906,189.9491878713485,188.1858749363745,189.072509765625,40552600,0.0,0.0,135.874062323299,138.2613219640832,135.8440979327647,136.25363159179688,23436500,0.0,0.0,374.731962508856,378.5709967639776,374.15512852839515,376.552001953125,22179200,0.0,0.0,147.52999877929688,149.25999450683594,146.8800048828125,147.72999572753906,53762400,0.0,0.0
2023-11-28 00:00:00-05:00,189.06255500942564,190.35764353332857,188.68398669599583,189.68020629882812,38415400,0.0,0.0,135.92399820821834,137.09265507829082,135.26475118162475,137.04270935058594,18730000,0.0,0.0,376.29342058531836,380.9181386526685,376.1044509343525,380.6197814941406,20453100,0.0,0.0,146.97999572753906,147.60000610351562,145.52999877929688,147.02999877929688,42711700,0.0,0.0
2023-11-29 00:00:00-05:00,190.1783286463289,191.36383248408393,188.25563198255236,188.65411376953125,43014200,0.0,0.0,137.4122949313807,138.13145549020675,134.68541367204398,134.8352508544922,23967200,0.0,0.0,381.6740559679596,382.2110989077795,375.38840147609375,376.7907409667969,28963400,0.0,0.0,147.85000610351562,148.5399932861328,145.97000122070312,146.32000732421875,40610900,0.0,0.0
2023-11-30 00:00:00-05:00,189.12233356607825,189.60052993998752,187.47857723394316,189.23191833496094,48794400,0.0,0.0,134.89518236810392,135.39460917047282,131.12950001067927,132.37806701660156,38988300,0.0,0.0,376.43267242664,378.0239815470539,373.4290988462353,376.85040283203125,30554400,0.0,0.0,144.75999450683594,146.92999267578125,144.3300018310547,146.08999633789062,65814000,0.0,0.0
2023-12-01 00:00:00-05:00,189.61049575839724,190.83584172296256,188.51464801700962,190.51705932617188,45679300,0.0,0.0,131.70884704589844,131.95856046626142,130.52020872636305,131.70884704589844,31431200,0.0,0.0,374.7121046862492,376.10448881912436,369.29171639734125,372.4743347167969,33020400,0.0,0.0,146.0,147.25,145.5500030517578,147.02999877929688,39924600,0.0,0.0
2023-12-04 00:00:00-05:00,189.2618062982008,189.33154897076486,186.74137178051248,188.71388244628906,43389500,0.0,0.0,129.7311122271067,129.880934172646,127.75337871885681,129.12181091308594,36669900,0.0,0.0,367.0937233301231,367.51142337800945,360.92741195614553,367.1335144042969,32063300,0.0,0.0,145.25,145.35000610351562,142.80999755859375,144.83999633789062,48294200,0.0,0.0
2023-12-05 00:00:00-05:00,189.49095553635823,193.66510330405998,189.46105496038606,192.68881225585938,66628400,0.0,0.0,128.80217378990392,131.98851933912593,128.10297929037955,130.83984375,27384800,0.0,0.0,364.4581343822117,371.05207082009633,363.6326289381052,370.4951171875,23065000,0.0,0.0,143.5500030517578,148.57000732421875,143.1300048828125,146.8800048828125,46822400,0.0,0.0
2023-12-06 00:00:00-05:00,193.7149093352022,194.02373499680974,191.38375898522384,191.5929718017578,41089700,0.0,0.0,131.28932678128083,131.68886214654734,129.73111751892543,129.87095642089844,23576200,0.0,0.0,371.50963606154306,372.14614156591165,366.02957589155807,366.7953796386719,21182100,0.0,0.0,147.5800018310547,147.85000610351562,144.27999877929688,144.52000427246094,39679000,0.0,0.0
2023-12-07 00:00:00-05:00,192.89803398525805,194.26285017082193,192.85817668285955,193.53561401367188,47477700,0.0,0.0,134.885192688871,138.40116186957516,134.54558609949035,136.7730255126953,56767100,0.0,0.0,366.2284688548053,369.4309675148412,364.32884716235355,368.9336853027344,23118900,0.0,0.0,146.14999389648438,147.9199981689453,145.33999633789062,146.8800048828125,52352800,0.0,0.0
2023-12-08 00:00:00-05:00,193.46586755393116,195.24910937429306,192.93787231577198,194.9701690673828,53377300,0.0,0.0,134.04614798763492,136.24362282521002,133.87634470723054,134.8352508544922,32233900,0.0,0.0,367.19320389043816,372.42459221283207,366.228475168252,372.19586181640625,20144800,0.0,0.0,145.47999572753906,147.83999633789062,145.39999389648438,147.4199981689453,41858000,0.0,0.0
2023-12-11 00:00:00-05:00,192.37999481273732,192.75856317871126,190.6963810180936,192.44972229003906,60943700,0.0,0.0,132.22824656527277,133.187137501521,131.20941160937448,133.13719177246094,31138000,0.0,0.0,366.47712011214793,369.58015634537594,364.11005186068087,369.2817687988281,27708800,0.0,0.0,145.66000366210938,146.19000244140625,143.63999938964844,145.88999938964844,50907300,0.0,0.0
2023-12-12 00:00:00-05:00,192.35011019828545,193.9839099721223,190.99525073697387,193.9739532470703,52696900,0.0,0.0,131.6588949826549,132.8475332450338,131.10952243601383,132.3680877685547,29032800,0.0,0.0,368.83422055613806,372.3848228134841,368.4463258642292,372.34503173828125,24838300,0.0,0.0,145.52000427246094,147.5,145.3000030517578,147.47999572753906,44944300,0.0,0.0
2023-12-13 00:00:00-05:00,194.35249384296804,197.25149676182392,194.1134108483282,197.21165466308594,70404200,0.0,0.0,133.2270987669317,133.34695632236617,131.41917617974528,132.41802978515625,30104800,0.0,0.0,373.9760776046103,375.58729735411816,368.7546147441536,372.3350524902344,30955500,0.0,0.0,148.1199951171875,149.4600067138672,146.82000732421875,148.83999633789062,52766200,0.0,0.0
2023-12-14 00:00:00-05:00,197.27142786027224,198.86537024837708,195.4184586232846,197.361083984375,66831600,0.0,0.0,133.22709364048256,133.56670019534343,129.54132153973353,131.7887420654297,38722400,0.0,0.0,371.280838712993,371.72840483967144,362.1507446830086,363.9409484863281,43277500,0.0,0.0,149.92999267578125,150.5399932861328,145.52000427246094,147.4199981689453,58400800,0.0,0.0
2023-12-15 00:00:00-05:00,196.78327807496208,197.64998435819683,196.25528284481834,196.82313537597656,128256700,0.0,0.0,131.46911051121552,133.3569432709918,131.02961247337606,132.447998046875,50815200,0.0,0.0,364.85595950446617,370.37577983362354,364.28905050694055,368.7148742675781,78478200,0.0,0.0,148.3800048828125,150.57000732421875,147.8800048828125,149.97000122070312,110039100,0.0,0.0
2023-12-18 00:00:00-05:00,195.34873127044764,195.88669845947197,193.6551606997669,195.1494903564453,55751900,0.0,0.0,132.47795364431468,136.99276079941592,132.27817073761273,135.64431762695312,32258000,0.0,0.0,367.44180201938957,370.97249323253345,366.6759680640395,370.6243896484375,21802900,0.0,0.0,150.55999755859375,154.85000610351562,150.0500030517578,154.07000732421875,62512800,0.0,0.0
2023-12-19 00:00:00-05:00,195.41846071151812,196.2054675888958,195.14947713522938,196.1955108642578,40714100,0.0,0.0,136.68313180284602,137.31241448874488,135.92400850463434,136.49334716796875,25476800,0.0,0.0,369.4707112441685,371.2311096191406,367.82968609003717,371.2311096191406,20603700,0.0,0.0,154.39999389648438,155.1199951171875,152.69000244140625,153.7899932861328,43171300,0.0,0.0
2023-12-20 00:00:00-05:00,196.1556575241543,196.93270769258373,194.09349060058594,194.09349060058594,52242800,0.0,0.0,138.81069442652839,141.53756065227824,137.9117322285485,138.18141174316406,49107200,0.0,0.0,372.96166586355804,373.98606602506203,368.51596159239654,368.60546875,26316700,0.0,0.0,152.89999389648438,155.6300048828125,151.55999755859375,152.1199951171875,50322100,0.0,0.0
2023-12-21 00:00:00-05:00,195.35867601686434,196.3349670004207,192.76849889188017,193.94403076171875,46482500,0.0,0.0,139.33009143029648,140.52871267863284,139.0204340176539,140.25901794433594,27488300,0.0,0.0,370.5348985122851,372.37484866341606,368.02860723154686,371.50958251953125,17708000,0.0,0.0,153.3000030517578,153.97000122070312,152.10000610351562,153.83999633789062,36305700,0.0,0.0
2023-12-22 00:00:00-05:00,194.44216262458167,194.6713041108371,192.24052549970972,192.86814880371094,37122800,0.0,0.0,140.60862873776802,141.82723137678937,140.54869995901234,141.3278045654297,26514600,0.0,0.0,371.648843361054,373.1406900640303,370.6841146123947,372.5439453125,17091100,0.0,0.0,153.77000427246094,154.35000610351562,152.7100067138672,153.4199981689453,29480100,0.0,0.0
2023-12-26 00:00:00-05:00,192.87808625802475,193.15702654279883,192.10103615028186,192.32020568847656,28919300,0.0,0.0,141.42768465717964,142.51643147785757,141.02814929366576,141.35777282714844,16780300,0.0,0.0,372.96165289509315,374.8911102742062,371.46980628351275,372.6235046386719,12673100,0.0,0.0,153.55999755859375,153.97999572753906,153.02999877929688,153.41000366210938,25067200,0.0,0.0
2023-12-27 00:00:00-05:00,191.7623368685013,192.7685133001503,190.36762015806895,192.41983032226562,48087700,0.0,0.0,141.4276785474943,141.9171223017574,139.72963046397038,140.20907592773438,19628600,0.0,0.0,371.65877331795474,373.02132169061383,370.78355178908555,372.0367126464844,14905400,0.0,0.0,153.55999755859375,154.77999877929688,153.1199951171875,153.33999633789062,31434700,0.0,0.0
2023-12-28 00:00:00-05:00,193.4060861494978,193.92412463427104,192.43975185339073,192.84820556640625,34049900,0.0,0.0,140.61861694567418,140.97820487269638,139.58979889583512,140.06924438476562,16045700,0.0,0.0,373.3296194550034,374.4136909666463,372.12620507627264,373.2401123046875,14327000,0.0,0.0,153.72000122070312,154.0800018310547,152.9499969482422,153.3800048828125,27057000,0.0,0.0
2023-12-29 00:00:00-05:00,193.1669858687692,193.6650956984474,191.00519103209842,191.8021697998047,42628800,0.0,0.0,139.46993267296267,140.19909153145352,138.62090101871024,139.5298614501953,18727200,0.0,0.0,373.956180608808,375.10987885076185,371.4498894738907,373.9959716796875,18723000,0.0,0.0,153.10000610351562,153.88999938964844,151.02999877929688,151.94000244140625,39789000,0.0,0.0
2024-01-02 00:00:00-05:00,186.44250337800963,187.72763525264537,183.1948327572495,184.93821716308594,82488700,0.0,0.0,138.3911659155422,139.2901280368553,136.32353169870765,138.0115966796875,23711200,0.0,0.0,371.8278333128194,373.85675319437513,364.77637533441424,368.8540954589844,25258600,0.0,0.0,151.5399932861328,152.3800048828125,148.38999938964844,149.92999267578125,47339400,0.0,0.0
2024-01-03 00:00:00-05:00,183.5235814240684,185.17730965785773,182.73655940388082,183.553466796875,58414500,0.0,0.0,137.09265848156156,139.4699349594039,136.92285519618662,138.7607421875,24212100,0.0,0.0,367.00421754136386,371.2311162250648,366.5069353432814,368.5855712890625,23083500,0.0,0.0,149.1999969482422,151.0500030517578,148.3300018310547,148.47000122070312,49425500,0.0,0.0
2024-01-04 00:00:00-05:00,181.46141882335,182.39786780732265,180.1962307034869,181.2223358154297,71983600,0.0,0.0,138.26131417699847,139.0004713315751,136.19369514009492,136.233642578125,27137700,0.0,0.0,368.65517399212956,371.071958032483,365.17419883301005,365.94000244140625,20901500,0.0,0.0,145.58999633789062,147.3800048828125,144.0500030517578,144.57000732421875,56039800,0.0,0.0
2024-01-05 00:00:00-05:00,181.30202210783074,182.06910030424723,179.48889502297928,180.4950714111328,62303300,0.0,0.0,136.59323684759906,137.0027705026403,134.995064908622,135.57440185546875,22506000,0.0,0.0,366.9644073117081,370.0376074932349,364.5078321673447,365.75103759765625,20987000,0.0,0.0,144.69000244140625,146.58999633789062,144.52999877929688,145.24000549316406,45124800,0.0,0.0
2024-01-08 00:00:00-05:00,181.40163701859532,184.8983778074419,180.81387105846133,184.8585205078125,59144500,0.0,0.0,136.13375214890596,138.8506351943584,136.10378775983304,138.6808319091797,21404000,0.0,0.0,367.292633952991,373.1605884048141,367.0042321198686,372.6533508300781,23134000,0.0,0.0,146.74000549316406,149.39999389648438,146.14999389648438,149.10000610351562,46757100,0.0,0.0
2024-01-09 00:00:00-05:00,183.2247200384055,184.4500659772401,182.03921619791834,184.4401092529297,42841800,0.0,0.0,138.34123318948537,141.32781114737455,137.99162830873303,140.78842163085938,24759600,0.0,0.0,369.9879231585575,373.94627016317753,369.17237304189894,373.74737548828125,20830000,0.0,0.0,148.3300018310547,151.7100067138672,148.2100067138672,151.3699951171875,43812600,0.0,0.0
2024-01-10 00:00:00-05:00,183.65311956095468,185.69535791612557,183.224737157889,185.4861602783203,46792900,0.0,0.0,140.8383661169942,142.83607343780264,140.7484729454692,142.1168975830078,21320200,0.0,0.0,374.32418620703794,382.0818064859509,374.2744701293323,380.68939208984375,25514200,0.0,0.0,152.05999755859375,154.4199981689453,151.8800048828125,153.72999572753906,44421800,0.0,0.0
2024-01-11 00:00:00-05:00,185.83481816060663,186.34289994181307,182.9258584292588,184.88841247558594,49128400,0.0,0.0,143.3255168318861,145.05352939216368,140.47877781088948,141.91712951660156,24008700,0.0,0.0,383.9018856265645,388.55644006426115,378.3124381584288,382.5393371582031,27850800,0.0,0.0,155.0399932861328,157.1699981689453,153.1199951171875,155.17999267578125,49072700,0.0,0.0
2024-01-12 00:00:00-05:00,185.35663323460264,186.03407052890915,184.48992696797683,185.2171630859375,40444700,0.0,0.0,142.50644679443732,143.03583800360767,141.6574303463797,142.48646545410156,18768600,0.0,0.0,383.3946161527287,386.5672789780478,382.5591857091536,386.3584289550781,21645700,0.0,0.0,155.38999938964844,156.1999969482422,154.00999450683594,154.6199951171875,40460300,0.0,0.0
2024-01-16 00:00:00-05:00,181.47137741288765,183.56342958397713,180.246016282922,182.93582153320312,65603000,0.0,0.0,141.8372163874826,144.18452852985058,141.2878438391309,142.32666015625,22670500,0.0,0.0,391.52020834386707,391.88819229961535,385.51303113026245,388.14862060546875,27202300,0.0,0.0,153.52999877929688,154.99000549316406,152.14999389648438,153.16000366210938,41384600,0.0,0.0
2024-01-17 00:00:00-05:00,180.58475215384107,182.2384653293606,179.61841781334914,181.98941040039062,47317400,0.0,0.0,141.18797324660179,141.67740179357594,138.74076954654072,141.30783081054688,20968600,0.0,0.0,385.8711055875195,387.98950225722587,382.718323094995,387.3529968261719,22234100,0.0,0.0,151.49000549316406,152.14999389648438,149.91000366210938,151.7100067138672,34953400,0.0,0.0
2024-01-18 00:00:00-05:00,185.38650949081125,188.4249824384652,185.12749785634605,187.9169158935547,78005800,0.0,0.0,141.88716779862654,144.04469539783182,141.82723901664264,143.31552124023438,25746400,0.0,0.0,389.590757608681,391.8484078099571,387.99944854071236,391.72906494140625,23392100,0.0,0.0,152.77000427246094,153.77999877929688,151.82000732421875,153.5,37850200,0.0,0.0
2024-01-19 00:00:00-05:00,188.61428024175586,191.22437102761134,188.1062136601058,190.83584594726562,68741000,0.0,0.0,144.57408458280622,146.28211581038565,144.21449665468992,146.2122039794922,33300700,0.0,0.0,393.60880476389866,396.50299072265625,391.3610795752693,396.50299072265625,29272000,0.0,0.0,153.8300018310547,155.75999450683594,152.74000549316406,155.33999633789062,51033700,0.0,0.0
2024-01-22 00:00:00-05:00,191.5730425958912,194.59158693286403,191.53318529709307,193.1570281982422,60133900,0.0,0.0,146.93137523492658,148.2198897129065,145.67280990527976,145.82264709472656,32200400,0.0,0.0,397.8456674885771,398.44241223960563,391.45062524493704,394.3547668457031,27016900,0.0,0.0,156.88999938964844,157.0500030517578,153.89999389648438,154.77999877929688,43687500,0.0,0.0
2024-01-23 00:00:00-05:00,194.2827703313563,195.01000645672423,193.09726645507456,194.44215393066406,42355600,0.0,0.0,145.722753877936,147.0112683403787,145.33320157614665,146.87142944335938,21636100,0.0,0.0,393.59884828463896,397.2091217935274,391.78873385208783,396.7317199707031,20525900,0.0,0.0,154.85000610351562,156.2100067138672,153.92999267578125,156.02000427246094,37986000,0.0,0.0
2024-01-24 00:00:00-05:00,194.68124499858735,195.63762256492572,193.6053259368713,193.7647247314453,53631300,0.0,0.0,148.36970552455486,149.67821652989787,147.93022274772628,148.52952575683594,25233500,0.0,0.0,399.35741189194886,403.42517679056124,398.2733402995586,400.3718566894531,24867000,0.0,0.0,157.8000030517578,158.50999450683594,156.47999572753906,156.8699951171875,48547300,0.0,0.0
2024-01-25 00:00:00-05:00,194.48200782899013,195.5280415368865,192.37998368876055,193.43597412109375,54822100,0.0,0.0,149.89796803541586,152.87454751506675,149.36856160200585,151.69589233398438,29149100,0.0,0.0,402.1222827302953,404.7976633760543,400.3420039680487,402.6692810058594,21021200,0.0,0.0,156.9499969482422,158.50999450683594,154.5500030517578,157.75,43638600,0.0,0.0
2024-01-26 00:00:00-05:00,193.5356089954636,194.0237469288864,191.21441522691208,191.69259643554688,44594000,0.0,0.0,150.92678666954083,152.36512306622402,150.8368782611947,152.01553344726562,26115500,0.0,0.0,402.1720162977375,403.96225049430717,400.24255886295236,401.7344055175781,17803300,0.0,0.0,158.4199981689453,160.72000122070312,157.91000366210938,159.1199951171875,51047400,0.0,0.0
2024-01-29 00:00:00-05:00,191.28412827236747,191.4734124368057,188.8633218352395,191.00518798828125,47145600,0.0,0.0,151.88568018075543,153.60370963960477,151.2563975181255,153.33401489257812,27784300,0.0,0.0,403.85281064052623,407.7515163738106,402.132203332571,407.492919921875,24510200,0.0,0.0,159.33999633789062,161.2899932861328,158.89999389648438,161.25999450683594,45270400,0.0,0.0
2024-01-30 00:00:00-05:00,190.21819361481354,191.07494317235538,186.7613100094732,187.3291473388672,55859400,0.0,0.0,152.62483715452262,153.4438892026552,151.01668220644743,151.286376953125,36331800,0.0,0.0,410.0191136359549,410.8047976288008,404.24069712023226,406.3690490722656,33477600,0.0,0.0,160.6999969482422,161.72999572753906,158.49000549316406,159.0,45207400,0.0,0.0
2024-01-31 00:00:00-05:00,186.3329308453054,186.3927167977895,183.65311255154307,183.70291137695312,55467800,0.0,0.0,143.45534570352322,143.83491493960634,139.70964479363764,139.93939208984375,71910000,0.0,0.0,404.74793405343684,413.0625085146517,395.0509308101669,395.4189147949219,47871100,0.0,0.0,157.0,159.00999450683594,154.80999755859375,155.1999969482422,50284400,0.0,0.0
2024-02-01 00:00:00-05:00,183.2944796333469,186.2432816186692,183.12512409780064,186.15362548828125,64885400,0.0,0.0,141.95707516829754,142.89600003332487,140.6285979913224,140.99818420410156,40466500,0.0,0.0,399.645822762124,405.7822988220977,399.615987042455,401.5852355957031,30657700,0.0,0.0,155.8699951171875,159.75999450683594,155.6199951171875,159.27999877929688,76542400,0.0,0.0
2024-02-02 00:00:00-05:00,179.18006916709078,186.62183126462077,178.57237456471196,185.14743041992188,102518000,0.0,0.0,139.10034799446905,142.45649672775502,136.34351752263635,142.21678161621094,62470600,0.0,0.0,401.6150459193161,410.4069915289673,401.3664048205646,408.9847717285156,28245000,0.0,0.0,169.19000244140625,172.5,167.3300018310547,171.80999755859375,117154900,0.0,0.0
2024-02-05 00:00:00-05:00,187.43872923272858,188.53457697591082,185.13746417315204,186.9705047607422,69668800,0.0,0.0,142.65627460674543,145.30323047858545,142.61631192870107,143.51527404785156,38505400,0.0,0.0,407.67193648995806,408.9250973311322,401.7940573158409,403.4450378417969,25352300,0.0,0.0,170.1999969482422,170.5500030517578,167.6999969482422,170.30999755859375,55081300,0.0,0.0
2024-02-06 00:00:00-05:00,186.15361780912454,188.59435308712352,186.0639616824351,188.5843963623047,43490800,0.0,0.0,144.4841717576318,145.19336454245052,143.0258539901859,143.934814453125,29128200,0.0,0.0,403.6737833372877,405.75241918711475,400.7199260029661,403.285888671875,18382600,0.0,0.0,169.38999938964844,170.7100067138672,167.64999389648438,169.14999389648438,42505500,0.0,0.0
2024-02-07 00:00:00-05:00,189.91931565385622,190.3277693633227,187.89699095716847,188.6939697265625,53439000,0.0,0.0,144.59404905790703,145.45306380757347,143.76499869847223,145.37315368652344,25208900,0.0,0.0,405.2253513604076,412.048049077267,405.1855602830067,411.7994079589844,22340500,0.0,0.0,169.47999572753906,170.8800048828125,168.94000244140625,170.52999877929688,47174100,0.0,0.0
2024-02-08 00:00:00-05:00,188.67405573652303,188.82348261691075,186.64177415771547,187.6081085205078,40962000,0.0,0.0,145.6628266970478,146.16225351206558,144.93366781468492,145.74273681640625,22563800,0.0,0.0,411.7993678721975,413.3011697929746,410.28764094681054,411.8590393066406,21225300,0.0,0.0,169.64999389648438,171.42999267578125,168.8800048828125,169.83999633789062,42316500,0.0,0.0
2024-02-09 00:00:00-05:00,188.17664931462193,189.51329866773182,187.52828632775376,188.37615966796875,45155200,0.24,0.0,146.51184534285244,149.26869115767212,146.01241852031808,148.82919311523438,26829500,0.0,0.0,412.9928590098735,418.53258989376275,412.8337250667871,418.2640380859375,22032800,0.0,0.0,170.89999389648438,175.0,170.5800018310547,174.4499969482422,56986000,0.0,0.0
2024-02-12 00:00:00-05:00,187.94723765426946,188.19661038471307,186.32132258121607,186.680419921875,41781900,0.0,0.0,148.24984945551117,149.16879293838494,147.20105012744668,147.36087036132812,21564100,0.0,0.0,418.2739866071132,418.45300090827396,412.4955700788698,413.0028076171875,21202900,0.0,0.0,174.8000030517578,175.38999938964844,171.5399932861328,172.33999633789062,51050400,0.0,0.0
2024-02-13 00:00:00-05:00,185.30389344552358,185.7427918879144,183.04955421333517,184.57571411132812,56529500,0.0,0.0,144.75386853231305,146.50186241260715,143.52528281544096,144.97361755371094,27837700,0.0,0.0,402.7389159311724,407.8410362274365,401.1973532313077,404.1114196777344,27824900,0.0,0.0,167.72999572753906,170.9499969482422,165.75,168.63999938964844,56345100,0.0,0.0
2024-02-14 00:00:00-05:00,184.8550202478472,185.06448481263337,181.98224159532535,183.6879425048828,54630500,0.0,0.0,145.9125439803926,146.35204202789004,143.9248197169555,145.772705078125,22704200,0.0,0.0,406.6024273726602,408.3660508109545,403.1150147467339,408.0173034667969,20401200,0.75,0.0,169.2100067138672,171.2100067138672,168.27999877929688,170.97999572753906,42815500,0.0,0.0
2024-02-15 00:00:00-05:00,183.08946188989523,184.02710579243293,180.8949849042452,183.398681640625,65434500,0.0,0.0,142.9759094706927,143.35547873124244,140.29898903036516,142.60633850097656,37590700,0.0,0.0,406.67217404920154,407.6586038685065,402.8360141628252,405.09783935546875,21825500,0.0,0.0,170.5800018310547,171.1699981689453,167.58999633789062,169.8000030517578,49855200,0.0,0.0
2024-02-16 00:00:00-05:00,182.9597697729581,184.38618960228064,181.21416078648454,181.85255432128906,49701400,0.0,0.0,142.82608693722062,143.02585461621538,139.9793479773302,140.35891723632812,31451100,0.0,0.0,406.49281005598874,406.8216402771548,401.9890766652795,402.6068420410156,22281100,0.0,0.0,168.74000549316406,170.4199981689453,167.1699981689453,169.50999450683594,48074600,0.0,0.0
2024-02-20 00:00:00-05:00,181.33386505771242,181.97225862856678,179.54836303345672,181.1044464111328,53665600,0.0,0.0,139.4999036496937,141.91712764044385,139.33010035908325,140.95822143554688,25144700,0.0,0.0,401.78976350568934,403.03526796096475,396.57859232582433,401.3414001464844,24307900,0.0,0.0,167.8300018310547,168.7100067138672,165.74000549316406,167.0800018310547,41980300,0.0,0.0
2024-02-21 00:00:00-05:00,181.48349741424192,182.4311107284463,180.20671027542915,181.862548828125,41529700,0.0,0.0,141.28783638218493,142.5264203129805,140.51871485508548,142.38658142089844,23315700,0.0,0.0,398.73083103930014,400.8432017480266,395.7914283369083,400.73358154296875,18631100,0.0,0.0,168.94000244140625,170.22999572753906,167.13999938964844,168.58999633789062,44575600,0.0,0.0
2024-02-22 00:00:00-05:00,183.0196281071197,184.49592561431203,182.00219833655885,183.9073944091797,52292200,0.0,0.0,144.76385336123167,144.83378043312553,142.63630543343413,143.92481994628906,27191900,0.0,0.0,408.71478444266717,411.3452740659007,407.1006155180746,410.1695251464844,27009900,0.0,0.0,173.10000610351562,174.8000030517578,171.77000427246094,174.5800018310547,55392400,0.0,0.0
2024-02-23 00:00:00-05:00,184.5457848212894,184.57570833046944,181.77276135358366,182.06204223632812,45119700,0.0,0.0,143.50529157891086,144.51412820481622,143.26556123356383,143.7949676513672,19493800,0.0,0.0,414.1751061358801,414.36439484849507,407.49918971824974,408.8642578125,16295900,0.0,0.0,174.27999877929688,175.75,173.6999969482422,174.99000549316406,59715200,0.0,0.0
2024-02-26 00:00:00-05:00,181.78275162000102,182.30143594214888,180.19672948194207,180.70545959472656,40867400,0.0,0.0,141.9770611202823,142.2767202718131,137.2325061518203,137.4123077392578,53641800,0.0,0.0,409.98022599205785,410.67772069092507,405.8949650583185,406.0743408203125,16193500,0.0,0.0,175.6999969482422,176.3699951171875,174.25999450683594,174.72999572753906,44368600,0.0,0.0
2024-02-27 00:00:00-05:00,180.64560832701477,183.45852475422748,179.10946381541714,182.17176818847656,54318900,0.0,0.0,137.86177996073482,139.09036563740162,136.93283817498926,138.72079467773438,33099200,0.0,0.0,406.52267149644587,406.8515016937889,402.3975766433515,406.0145263671875,14835800,0.0,0.0,174.0800018310547,174.6199951171875,172.86000061035156,173.5399932861328,31141700,0.0,0.0
2024-02-28 00:00:00-05:00,182.05205940605046,182.66052946629853,179.67804140451977,180.9647979736328,48953900,0.0,0.0,137.74190987832964,137.85178438759888,135.25477408687587,136.22366333007812,37328600,0.0,0.0,406.71199923437507,407.8279663601961,403.8622996386407,406.253662109375,13183100,0.0,0.0,172.44000244140625,174.0500030517578,172.27000427246094,173.16000366210938,28180500,0.0,0.0
2024-02-29 00:00:00-05:00,180.815177795749,182.11191899615906,179.0795381686922,180.29647827148438,136682600,0.0,0.0,137.122629543035,138.70082015844537,136.24363344298436,138.30128479003906,42133000,0.0,0.0,407.17038672368494,412.71038837541505,404.4601676819315,412.15240478515625,31947300,0.0,0.0,173.00999450683594,177.22000122070312,172.85000610351562,176.75999450683594,53805400,0.0,0.0
2024-03-01 00:00:00-05:00,179.0995039018238,180.07704077536846,176.93495035729424,179.209228515625,73488000,0.0,0.0,138.27130258012636,138.7108006219573,136.763039065022,136.9827880859375,31119500,0.0,0.0,409.7908782935449,414.37434071888777,409.40229671994484,414.00567626953125,17800300,0.0,0.0,176.75,178.72999572753906,176.07000732421875,178.22000122070312,31956200,0.0,0.0
2024-03-04 00:00:00-05:00,175.7080130413176,176.45613120394682,173.35393394742417,174.66065979003906,81510100,0.0,0.0,135.50449310354423,135.50449310354423,131.75879182519304,133.1971435546875,55999400,0.0,0.0,411.95310713420247,415.84904886214485,410.8371399665941,413.42779541015625,17596000,0.0,0.0,177.52999877929688,180.13999938964844,177.49000549316406,177.5800018310547,37381500,0.0,0.0
2024-03-05 00:00:00-05:00,170.33155463049027,171.60834186998648,169.19441551967324,169.6931610107422,95132400,0.0,0.0,131.72882612970562,133.08726772285303,130.5202064896895,132.51791381835938,40194800,0.0,0.0,412.4711952290164,412.7601607658309,399.1991233687723,401.2018737792969,26919200,0.0,0.0,176.92999267578125,176.92999267578125,173.3000030517578,174.1199951171875,37228300,0.0,0.0
2024-03-06 00:00:00-05:00,170.6307828835121,170.81033915171824,168.2567497827471,168.69564819335938,68587700,0.0,0.0,132.96738857079546,133.42686794062345,130.700001834741,131.24935913085938,35318600,0.0,0.0,401.520730349561,403.7028565055454,396.9572155769562,400.6438903808594,22344100,0.0,0.0,175.5399932861328,176.4600067138672,173.25999450683594,173.50999450683594,32090900,0.0,0.0
2024-03-07 00:00:00-05:00,168.72557579533654,170.30161320782108,168.06724338394662,168.57595825195312,71765100,0.0,0.0,132.63776333509801,134.78530772792715,131.45912339850148,134.2259521484375,37738200,0.0,0.0,404.6594510933356,408.3062921519282,400.79340001238523,407.6686096191406,18718500,0.0,0.0,174.8300018310547,177.99000549316406,173.72000122070312,176.82000732421875,34063300,0.0,0.0
2024-03-08 00:00:00-05:00,168.57595034963478,173.26415420874906,168.51610333508685,170.30160522460938,76114600,0.0,0.0,134.0561546728112,137.93169645916927,133.84638870076614,135.25477600097656,39343100,0.0,0.0,406.49279622041365,408.943970922281,402.87584635764586,404.7590637207031,17971700,0.0,0.0,176.44000244140625,178.7899932861328,174.3300018310547,175.35000610351562,37853500,0.0,0.0
2024-03-11 00:00:00-04:00,172.50608455061956,173.9424739307717,171.61831822823436,172.31655883789062,60139500,0.0,0.0,135.9739486397041,138.94054512070323,135.9739486397041,137.51217651367188,32437800,0.0,0.0,402.3079090049905,404.2209868017705,399.8169001180621,403.0651550292969,16120800,0.0,0.0,174.30999755859375,174.47000122070312,171.47000122070312,171.9600067138672,28484800,0.0,0.0
2024-03-12 00:00:00-04:00,172.7155327686856,173.59332957799342,170.58090298100706,172.7953338623047,59825400,0.0,0.0,136.87291619616363,139.22022840029658,136.87291619616363,138.3412322998047,27563400,0.0,0.0,406.15401359976437,414.07543405197885,405.327012025755,413.7864685058594,22457000,0.0,0.0,173.5,176.75999450683594,171.97999572753906,175.38999938964844,36610600,0.0,0.0
2024-03-13 00:00:00-04:00,172.33650702549602,172.75545137696454,170.33154057571417,170.70062255859375,52488700,0.0,0.0,138.8406578034918,140.92825828089917,138.83067475382617,139.62974548339844,23347200,0.0,0.0,416.5963580657627,416.67605697562533,409.9702800987869,413.6071472167969,17115900,0.0,0.0,175.89999389648438,177.6199951171875,175.5500030517578,176.55999755859375,30772600,0.0,0.0
2024-03-14 00:00:00-04:00,172.47616269554393,173.87264392825887,171.61831987530365,172.56593322753906,72913500,0.0,0.0,141.02814479361325,143.4253873807975,140.29898591988334,142.9359588623047,42753400,0.0,0.0,418.72863404872095,426.28139027338693,416.48672597594526,423.69073486328125,34157300,0.0,0.0,177.69000244140625,179.52999877929688,176.47000122070312,178.75,43705800,0.0,0.0
2024-03-15 00:00:00-04:00,170.74051562789052,172.18687438964844,169.86271876480842,172.18687438964844,121664700,0.0,0.0,142.33663675649876,143.01584988274266,139.86946716674908,141.0181427001953,49460600,0.0,0.0,417.7820672194502,421.08016064962663,411.3054439239168,414.9223937988281,45049800,0.0,0.0,176.63999938964844,177.92999267578125,173.89999389648438,174.4199981689453,72115500,0.0,0.0
2024-03-18 00:00:00-04:00,175.12948288729953,177.26411278337386,173.08462351841683,173.28411865234375,75604200,0.0,0.0,148.43963821029396,151.975573345899,147.00128654791337,147.5106964111328,69273700,0.0,0.0,412.76018651759574,419.21689271760266,412.2918756147088,415.81915283203125,20106000,0.0,0.0,175.8000030517578,176.69000244140625,174.27999877929688,174.47999572753906,31250700,0.0,0.0
2024-03-19 00:00:00-04:00,173.90255921354083,176.16686780995457,172.59584857462684,175.63819885253906,55215200,0.0,0.0,147.99015969130275,148.61942712352902,145.9125422808848,146.8614501953125,24070400,0.0,0.0,416.32729782359553,420.15351436066743,414.0554988591103,419.8944396972656,19837900,0.0,0.0,174.22000122070312,176.08999633789062,173.52000427246094,175.89999389648438,26880900,0.0,0.0
2024-03-20 00:00:00-04:00,175.27911488071734,178.22171020507812,174.65069069756925,178.22171020507812,53423100,0.0,0.0,147.8303313816159,148.68934607902577,146.57178134455796,148.56948852539062,21311500,0.0,0.0,420.4823195339551,424.42806927889796,419.1471423578337,423.7007141113281,17860100,0.0,0.0,176.13999938964844,178.52999877929688,174.63999938964844,178.14999389648438,29947200,0.0,0.0
2024-03-21 00:00:00-04:00,176.60577416012134,177.04467260947172,170.4113487190698,170.9400177001953,106181300,0.0,0.0,149.29865279624164,150.1976149637173,146.7315916599018,147.43080139160156,24755600,0.0,0.0,428.2841428024405,429.2706030363767,425.6237622387378,427.8258056640625,21296200,0.0,0.0,179.99000549316406,181.4199981689453,178.14999389648438,178.14999389648438,32824300,0.0,0.0
2024-03-22 00:00:00-04:00,171.32903300964793,172.6158048054333,169.63330150885253,171.8477325439453,71106600,0.0,0.0,148.9490503136119,151.40623698068276,148.80921141329384,150.59716796875,29175700,0.0,0.0,428.1546284078146,428.31402622095453,424.5376785647452,427.19805908203125,17636500,0.0,0.0,177.75,179.25999450683594,176.75,178.8699951171875,27964100,0.0,0.0
2024-03-25 00:00:00-04:00,170.1420294503314,171.50858710740098,169.02482929677882,170.42132568359375,54288300,0.0,0.0,149.76810863456816,150.20760664958092,147.6505439163752,149.89796447753906,19229300,0.0,0.0,423.7106482644727,425.87285741065665,420.09369840693,421.3392028808594,18060500,0.0,0.0,178.00999450683594,180.99000549316406,177.24000549316406,179.7100067138672,29815500,0.0,0.0
2024-03-26 00:00:00-04:00,169.57346062327176,170.98989593848802,169.15451625289825,169.28419494628906,57388400,0.0,0.0,150.04778760921715,152.08544222800637,149.80805726059057,150.4972686767578,22149100,0.0,0.0,424.0792944107052,424.45793261968106,419.83463602416924,420.133544921875,16725600,0.0,0.0,180.14999389648438,180.4499969482422,177.9499969482422,178.3000030517578,29659000,0.0,0.0
2024-03-27 00:00:00-04:00,169.98241994308466,173.16441820000477,169.68316964303057,172.87513732910156,60273300,0.0,0.0,151.00667891847803,151.46615827756398,148.7292939450697,150.69703674316406,22879200,0.0,0.0,422.91352154834817,422.9234953142656,417.5030576163737,419.9143371582031,16705000,0.0,0.0,179.8800048828125,180.0,177.30999755859375,179.8300018310547,33272600,0.0,0.0
2024-03-28 00:00:00-04:00,171.3190704702827,171.79786186400437,170.08217621428903,171.04974365234375,65672700,0.0,0.0,150.67707838737343,151.2564000889113,149.99784998355767,150.75697326660156,24485400,0.0,0.0,419.446036304839,420.35276719813675,417.61265739375546,419.2069091796875,21871200,0.0,0.0,180.1699981689453,181.6999969482422,179.25999450683594,180.3800048828125,38051600,0.0,0.0
2024-04-01 00:00:00-04:00,170.76047140500762,170.8203184243575,169.0547552510188,169.60337829589844,46240500,0.0,0.0,150.51725197352792,155.56146572024994,150.43734185627986,155.31175231933594,31730800,0.0,0.0,422.42532544323956,426.35115812547906,420.70153623961255,423.0430908203125,16316000,0.0,0.0,180.7899932861328,183.0,179.9499969482422,180.97000122070312,29174500,0.0,0.0
2024-04-02 00:00:00-04:00,168.65575460153738,168.91509674293673,167.8078812915549,168.41635131835938,49329500,0.0,0.0,153.32403010530697,154.5226513966331,151.9755716267547,154.3828125,24586000,0.0,0.0,418.5991130717621,420.86096876567433,416.3372877856753,419.9243469238281,17912000,0.0,0.0,179.07000732421875,180.7899932861328,178.3800048828125,180.69000244140625,32611500,0.0,0.0
2024-04-03 00:00:00-04:00,168.3664767037722,170.25173383313268,168.15701214523367,169.2243194580078,47691700,0.0,0.0,153.42392226891465,154.90222136030434,152.55490925463766,154.74240112304688,24705000,0.0,0.0,418.22048493570827,421.73778835137483,417.58277204973547,418.9378967285156,16502300,0.0,0.0,179.89999389648438,182.8699951171875,179.8000030517578,182.41000366210938,31046600,0.0,0.0
2024-04-04 00:00:00-04:00,169.862720979973,171.4886360397026,168.39642333984375,168.39642333984375,53704400,0.0,0.0,153.3240336623912,154.59258205211225,150.27752701367388,150.35743713378906,34724700,0.0,0.0,423.46155114559343,427.12833945948364,416.068253550806,416.37713623046875,19370900,0.0,0.0,184.0,185.10000610351562,180.0,180.0,41624300,0.0,0.0
2024-04-05 00:00:00-04:00,169.16446466808637,169.96246036892836,168.52607115151318,169.1544952392578,42055200,0.0,0.0,149.8580103443569,153.24412357327603,149.42851059510997,152.32518005371094,23449300,0.0,0.0,418.49949130961807,424.9761147954023,416.8155667706881,423.9896545410156,16544300,0.0,0.0,182.3800048828125,186.27000427246094,181.97000122070312,185.07000732421875,42335200,0.0,0.0
2024-04-08 00:00:00-04:00,168.60589031460577,168.77546194587757,167.81787917863633,168.02734375,37425500,0.0,0.0,152.60485109316397,155.0920020326949,152.43504781089345,154.6724853515625,20702000,0.0,0.0,423.6409193804279,425.7433163180875,421.77761916132215,423.06298828125,14272400,0.0,0.0,186.89999389648438,187.2899932861328,184.80999755859375,185.19000244140625,39221300,0.0,0.0
2024-04-09 00:00:00-04:00,168.27671057044998,169.65325287306834,167.92759789027352,169.24427795410156,42451200,0.0,0.0,155.91106133829155,158.3782310535952,155.01209915691567,156.4204864501953,31113000,0.0,0.0,424.9063459466705,426.20165844015906,420.10367338348533,424.7469177246094,12512300,0.0,0.0,187.24000549316406,187.33999633789062,184.1999969482422,185.6699981689453,36546900,0.0,0.0
2024-04-10 00:00:00-04:00,168.3764690401373,168.66573470768245,166.6907069630718,167.35902404785156,49709300,0.0,0.0,156.0309256021001,156.43046094056254,154.50266559130552,155.96099853515625,22838600,0.0,0.0,420.67163383024246,422.50501278575086,418.19059862320614,421.73779296875,16216600,0.0,0.0,182.77000427246094,186.27000427246094,182.6699981689453,185.9499969482422,35879200,0.0,0.0
2024-04-11 00:00:00-04:00,167.9176136082712,175.0197591304819,167.73807255301605,174.60079956054688,91070300,0.0,0.0,156.73013027302554,159.4969439167402,156.28064917765613,159.22726440429688,27166400,0.0,0.0,424.28859418130247,427.82581484762187,420.8410157834726,426.3909912109375,17966400,0.0,0.0,186.74000549316406,189.77000427246094,185.50999450683594,189.0500030517578,40020700,0.0,0.0
2024-04-12 00:00:00-04:00,173.82276241391455,177.9124812782121,173.77290004426743,176.10702514648438,101593300,0.0,0.0,157.7789263861975,160.03633010721148,156.95985909229432,157.54917907714844,25329200,0.0,0.0,422.5249521781749,423.650893158757,418.2603458072204,420.3826904296875,19232100,0.0,0.0,187.72000122070312,188.3800048828125,185.0800018310547,186.1300048828125,38554300,0.0,0.0
2024-04-15 00:00:00-04:00,174.91999737133082,176.18681502203364,172.06717291020246,172.25669860839844,73531800,0.0,0.0,158.67789453613955,159.05746380774013,154.41278510008763,154.68247985839844,27136500,0.0,0.0,425.06578708629894,425.2849970973167,411.9431381329404,412.15240478515625,20273500,0.0,0.0,187.42999267578125,188.69000244140625,183.0,183.6199951171875,48052400,0.0,0.0
2024-04-16 00:00:00-04:00,171.31906570233667,173.32401697440633,167.84780155858056,168.95501708984375,73711200,0.0,0.0,154.0132412194934,155.47155896116928,153.25410271823517,154.22299194335938,20779500,0.0,0.0,413.07904589917786,416.8952582906374,412.2420705278667,413.0889892578125,16765600,0.0,0.0,183.27000427246094,184.8300018310547,182.25999450683594,183.32000732421875,32891300,0.0,0.0
2024-04-17 00:00:00-04:00,169.18443695551,170.22182082390646,167.57847595214844,167.57847595214844,50901200,0.0,0.0,155.44160051580053,156.89993355453655,154.40279942343167,155.29177856445312,21763100,0.0,0.0,415.74940334221725,417.37354608032194,408.85427703017245,410.3588562011719,15855500,0.0,0.0,184.30999755859375,184.57000732421875,179.82000732421875,181.27999877929688,31359700,0.0,0.0
2024-04-18 00:00:00-04:00,167.60840163815763,168.21687172113144,166.1321193068702,166.62088012695312,43122900,0.0,0.0,155.16191615035683,156.7600880231934,154.44274033171,155.83114624023438,19883000,0.0,0.0,409.1532132353134,410.40869149599354,402.49724451606636,402.8160705566406,21029900,0.0,0.0,181.47000122070312,182.38999938964844,178.64999389648438,179.22000122070312,30723800,0.0,0.0
2024-04-19 00:00:00-04:00,165.7929692214355,165.98247970725325,163.66830873342062,164.58599853515625,67772100,0.0,0.0,156.02092701204117,156.18074724363757,152.12540412497978,153.91334533691406,32239100,0.0,0.0,402.5769461656378,404.0217435519042,396.339449885593,397.6846008300781,30276500,0.0,0.0,178.74000549316406,179.0,173.44000244140625,174.6300048828125,55950000,0.0,0.0
2024-04-22 00:00:00-04:00,165.1046847536948,166.84030903901143,164.3565666388509,165.4238739013672,48116400,0.0,0.0,154.13310245062956,157.4592868943293,153.88338904111424,156.10084533691406,26446200,0.0,0.0,398.6411348292365,401.4011922340004,394.326720664829,399.5179748535156,20286900,0.0,0.0,176.94000244140625,178.8699951171875,174.55999755859375,177.22999572753906,37924900,0.0,0.0
2024-04-23 00:00:00-04:00,164.93511779278057,166.63084919015444,164.50618881351107,166.48121643066406,49537800,0.0,0.0,156.78006999939063,158.78776027717325,156.10084161622405,158.0785675048828,21151600,0.0,0.0,402.78617655393526,406.73195665478823,401.61042761834875,406.1042175292969,15734500,0.0,0.0,178.0800018310547,179.92999267578125,175.97999572753906,179.5399932861328,37046500,0.0,0.0
2024-04-24 00:00:00-04:00,166.12212834894586,168.87521298334806,165.79296974487917,168.59591674804688,48251800,0.0,0.0,157.30946668468715,159.38708410378482,156.98982620115035,158.9475860595703,22779100,0.0,0.0,408.08703844851493,410.98657644886526,405.31703777585045,407.5888366699219,15065300,0.0,0.0,179.94000244140625,180.32000732421875,176.17999267578125,176.58999633789062,34185100,0.0,0.0
2024-04-25 00:00:00-04:00,169.10463252247135,170.1819245302526,167.72809019800033,169.46372985839844,50558300,0.0,0.0,151.15652234772315,156.3106107599914,150.69704296965247,155.8211669921875,57109700,0.0,0.0,392.61289730195864,398.4518380317162,386.6344758845294,397.6048889160156,40586500,0.0,0.0,169.67999267578125,173.9199981689453,166.32000732421875,173.6699981689453,49249400,0.0,0.0
2024-04-26 00:00:00-04:00,169.45376017564897,170.91008837659274,168.75550436424768,168.87521362304688,44838400,0.0,0.0,174.17010794109967,174.50972976912763,169.45551744323623,171.7528839111328,64665300,0.0,0.0,410.6877015039508,411.5147031453564,404.30075052532226,404.8587341308594,29694700,0.0,0.0,177.8000030517578,180.82000732421875,176.1300048828125,179.6199951171875,43919800,0.0,0.0
2024-04-29 00:00:00-04:00,172.93498806378426,175.5883174432168,172.66567648639662,173.06466674804688,68169400,0.0,0.0,168.8661860470723,169.35562979466286,165.02060885759082,165.9595184326172,45610000,0.0,0.0,403.7925555014032,404.85871464230763,397.7543521688509,400.8033447265625,19582100,0.0,0.0,182.75,183.52999877929688,179.38999938964844,180.9600067138672,54063900,0.0,0.0
2024-04-30 00:00:00-04:00,172.89510648752642,174.55094510114296,169.57345983027295,169.9026336669922,65934800,0.0,0.0,165.4201567605525,167.90730788364772,162.41361270322412,162.59339904785156,33562900,0.0,0.0,400.0460498169102,400.7136535719452,387.7703812443129,387.9297790527344,28781400,0.0,0.0,181.08999633789062,182.99000549316406,174.8000030517578,175.0,94639800,0.0,0.0
2024-05-01 00:00:00-04:00,169.15450985940603,172.27666126931797,168.68568791540957,168.87521362304688,50383100,0.0,0.0,164.11164767584972,166.92840687058143,162.9030281273216,163.67214965820312,33493200,0.0,0.0,391.1979854890888,400.2752376954743,388.9062694736309,393.5196228027344,23562500,0.0,0.0,181.63999938964844,185.14999389648438,176.55999755859375,179.0,94645100,0.0,0.0
2024-05-02 00:00:00-04:00,172.07714095067269,172.9848612765476,170.46121064520491,172.59584045410156,94214900,0.0,0.0,164.60108163875904,166.53886010375868,163.70211947561128,166.42898559570312,24294500,0.0,0.0,396.22986485240887,398.49169010971565,393.23068024330894,396.4092102050781,17709400,0.0,0.0,180.85000610351562,185.10000610351562,179.91000366210938,184.72000122070312,54303500,0.0,0.0
2024-05-03 00:00:00-04:00,186.18166020430448,186.5307880883928,182.20168147231004,182.9198760986328,163224100,0.0,0.0,167.36790402987265,167.76745460809144,162.86307985469077,167.04827880859375,34662400,0.0,0.0,400.8332267481025,405.6857072666299,400.4147238694429,405.1974792480469,17446700,0.0,0.0,186.99000549316406,187.8699951171875,185.4199981689453,186.2100067138672,39172000,0.0,0.0
2024-05-06 00:00:00-04:00,181.89248296216456,183.7378321090879,179.96731749133704,181.25408935546875,78569700,0.0,0.0,167.26803713696958,167.94725029584512,165.8396685073506,167.9073028564453,21871300,0.0,0.0,407.28995676641233,412.44134649548096,404.90853749941664,412.0527648925781,16996600,0.0,0.0,186.27999877929688,188.75,184.8000030517578,188.6999969482422,34725300,0.0,0.0
2024-05-07 00:00:00-04:00,182.9896901956702,184.43604885883423,180.8650450721818,181.94232177734375,77305800,0.0,0.0,168.3068329971202,171.5630902732838,168.19695849055628,171.05368041992188,28039700,0.0,0.0,413.1687335044037,413.17870727122335,407.6187579788331,407.86785888671875,20018200,0.0,0.0,188.9199981689453,189.94000244140625,187.30999755859375,188.75999450683594,34048900,0.0,0.0
2024-05-08 00:00:00-04:00,182.3912187494054,182.6106679669662,180.99472234488195,182.281494140625,45057100,0.0,0.0,168.8062675262565,169.95494313183937,168.54657106308312,169.1858367919922,19569100,0.0,0.0,406.7020659589674,410.74746209427366,405.2472948266194,409.06353759765625,11792300,0.0,0.0,187.44000244140625,188.42999267578125,186.38999938964844,188.0,26136400,0.0,0.0
2024-05-09 00:00:00-04:00,182.1019366221584,184.19667360442534,181.65306876038784,184.10690307617188,48983000,0.0,0.0,169.19581335953734,170.4943261082509,167.98719377832862,169.76516723632812,15346700,0.0,0.0,409.09342143632676,411.2356830323753,407.628706970669,410.8371276855469,14689700,0.0,0.0,188.8800048828125,191.6999969482422,187.44000244140625,189.5,43368400,0.0,0.0
2024-05-10 00:00:00-04:00,184.68621556318556,184.87599832689259,181.91942916527435,182.83836364746094,50759500,0.25,0.0,167.83738064201702,169.65530163389528,165.99949355050967,168.4566650390625,29799900,0.0,0.0,411.454898796182,413.8861259760523,410.31898411359913,413.2484130859375,13402300,0.0,0.0,189.16000366210938,189.88999938964844,186.92999267578125,187.47999572753906,34141800,0.0,0.0
2024-05-13 00:00:00-04:00,185.225611031474,186.88369552554556,184.40655173639718,186.06463623046875,72044800,0.0,0.0,164.0716952618818,169.08594485854962,163.81199879943264,168.94610595703125,31327600,0.0,0.0,416.50666601097504,416.8454395758238,409.34252191031106,412.2320861816406,15440200,0.0,0.0,188.0,188.30999755859375,185.36000061035156,186.57000732421875,24898600,0.0,0.0
2024-05-14 00:00:00-04:00,187.29321195228255,188.08230715884645,186.07462118962928,187.2133026123047,52393600,0.0,0.0,169.5753909507625,171.05369010719133,168.606501676545,170.1447296142578,25127100,0.0,0.0,410.5382086979875,415.9885377174583,410.0698977801234,415.0618896484375,15109300,0.0,0.0,183.82000732421875,187.72000122070312,183.4499969482422,187.07000732421875,38698200,0.0,0.0
2024-05-15 00:00:00-04:00,187.6927512010029,190.42957359114274,187.15336698785217,189.5006561279297,70400000,0.0,0.0,170.43440607078136,172.45207950430859,170.3145332666638,172.31224060058594,26948400,0.0,0.0,417.14811372005255,423.04748418125,416.51924233374484,422.31878662109375,22239500,0.75,0.0,185.97000122070312,186.72000122070312,182.72999572753906,185.99000549316406,75459900,0.0,0.0
2024-05-16 00:00:00-04:00,190.24979042229978,190.87906692858394,189.44072933773313,189.62051391601562,52845200,0.0,0.0,173.09133705023547,174.9192410032272,172.49203402319836,173.98031616210938,27867900,0.0,0.0,421.04111473047993,424.65462746809226,419.5937417467572,420.2325744628906,17530100,0.0,0.0,185.60000610351562,187.30999755859375,183.4600067138672,183.6300048828125,38834500,0.0,0.0
2024-05-17 00:00:00-04:00,189.29089777212403,190.58939786133627,188.96127746355222,189.65048217773438,41282900,0.0,0.0,173.98031983379815,176.0679355263968,173.49089130425008,175.85816955566406,24479300,0.0,0.0,421.7797738940241,422.15909507145113,417.2778785450943,419.4539489746094,15352200,0.0,0.0,183.75999450683594,185.3000030517578,183.35000610351562,184.6999969482422,33175700,0.0,0.0
2024-05-20 00:00:00-04:00,189.11110786674266,191.69810977923598,188.7914705191316,190.81912231445312,44361300,0.0,0.0,175.98801947908368,178.5650636144382,175.87814497264736,176.71717834472656,22554400,0.0,0.0,419.45396241482433,426.00215742526564,419.2343570136284,424.5747375488281,16272100,0.0,0.0,184.33999633789062,186.6699981689453,183.27999877929688,183.5399932861328,30511800,0.0,0.0
2024-05-21 00:00:00-04:00,190.86907148104808,192.50717481837918,190.6992698520675,192.12762451171875,42309400,0.0,0.0,176.69719505472426,177.9457620498574,175.60844829287927,177.6461181640625,16989400,0.0,0.0,426.0620511343007,432.19101891399305,424.08563296720774,428.2680969238281,21453300,0.0,0.0,182.3000030517578,183.25999450683594,180.75,183.14999389648438,50839100,0.0,0.0
2024-05-22 00:00:00-04:00,192.04771725232771,192.59708443506426,190.05002949048443,190.67929077148438,34648500,0.0,0.0,176.43750712961125,176.9469170013665,175.00915373400298,176.1778106689453,17880000,0.0,0.0,429.31620330543893,431.6320366067369,426.36153729569446,429.74542236328125,18073700,0.0,0.0,183.8800048828125,185.22000122070312,181.97000122070312,183.1300048828125,28148800,0.0,0.0
2024-05-23 00:00:00-04:00,190.75919100120913,190.77917214539482,186.41422947138201,186.6639404296875,51005900,0.0,0.0,176.86701260773367,178.0456525288486,172.75172545027857,173.35104370117188,21024900,0.0,0.0,432.19101060705754,432.81988199819887,424.654606594968,426.23175048828125,17211700,0.0,0.0,183.66000366210938,184.75999450683594,180.0800018310547,181.0500030517578,33670200,0.0,0.0
2024-05-24 00:00:00-04:00,188.6016982061538,190.35965784997902,187.82258600140187,189.76034545898438,36294600,0.0,0.0,174.77939990285861,175.56850278759393,173.45092277645955,174.78939819335938,16572500,0.0,0.0,426.4214201614011,430.284452546189,423.6464230389501,429.3860778808594,11845800,0.0,0.0,181.64999389648438,182.44000244140625,180.3000030517578,180.75,27434100,0.0,0.0
2024-05-28 00:00:00-04:00,191.28858695639587,192.7768698320682,188.88138477648047,189.77035522460938,52280100,0.0,0.0,174.25000769084917,177.06678216221334,174.1700975737931,176.19776916503906,20572200,0.0,0.0,428.8570153768908,430.0448767681172,425.8324681657636,429.5457763671875,15718000,0.0,0.0,179.92999267578125,182.24000549316406,179.49000549316406,182.14999389648438,29927000,0.0,0.0
2024-05-29 00:00:00-04:00,189.39078555405024,192.02773274385174,189.2908950712484,190.0699920654297,53068000,0.0,0.0,175.22888656940185,176.6372738582666,174.51970902085657,175.69834899902344,23388700,0.0,0.0,424.9241078592897,430.1646621440202,424.9241078592897,428.3978576660156,15517100,0.0,0.0,181.6999969482422,184.0800018310547,181.5500030517578,182.02000427246094,32009300,0.0,0.0
2024-05-30 00:00:00-04:00,190.5394463789207,191.95780280983485,190.40960704305542,191.06883239746094,49947900,0.0,0.0,174.99915862708127,175.01913996789514,171.59306397994095,171.91270446777344,22958700,0.0,0.0,423.5365985674188,423.5365985674188,413.49470068821756,413.9239501953125,28424800,0.0,0.0,181.30999755859375,181.33999633789062,178.36000061035156,179.32000732421875,29249200,0.0,0.0
2024-05-31 00:00:00-04:00,191.2186641606353,192.34736255924997,189.69043432876362,192.02772521972656,75158300,0.0,0.0,171.66298039905402,172.86160167144692,169.2457565146944,172.30224609375,37638900,0.0,0.0,416.0001981551101,416.0001981551101,403.7822296778057,414.38311767578125,47995300,0.0,0.0,178.3000030517578,179.2100067138672,173.8699951171875,176.44000244140625,58903900,0.0,0.0
2024-06-03 00:00:00-04:00,192.67696567521375,194.76456083029888,192.29741538977316,193.8056640625,50080500,0.0,0.0,172.34219865896313,174.32992287004825,170.9637910132856,172.9714813232422,27459100,0.0,0.0,414.78239441586754,415.68076908060925,408.18430147617795,412.7760009765625,17484700,0.0,0.0,177.6999969482422,178.6999969482422,175.9199981689453,178.33999633789062,30786600,0.0,0.0
2024-06-04 00:00:00-04:00,194.414963181449,195.09418491376067,192.80682399954836,194.12530517578125,47471400,0.0,0.0,173.08134943161593,173.65070329563198,171.69294354654954,173.59075927734375,26879600,0.0,0.0,411.68797587586874,415.69077109680313,408.9429234942185,415.3214416503906,14348900,0.0,0.0,177.63999938964844,179.82000732421875,176.44000244140625,179.33999633789062,27198400,0.0,0.0
2024-06-05 00:00:00-04:00,195.17408160134354,196.6723473717975,194.64469558174162,195.64353942871094,54156800,0.0,0.0,174.99915736605305,176.44749211802622,173.73060895621714,175.20892333984375,22068500,0.0,0.0,417.05827419686176,423.316982252091,415.55098123941247,423.24713134765625,16988000,0.0,0.0,180.10000610351562,181.5,178.75,181.27999877929688,32116400,0.0,0.0
2024-06-06 00:00:00-04:00,195.46374994249493,196.27281099963508,193.94550306571446,194.25514221191406,41181800,0.0,0.0,175.6983392231913,176.9469062024388,175.54851728220007,176.5273895263672,23251000,0.0,0.0,423.24713337206975,424.54478223440873,419.82328145689553,423.7561950683594,14861300,0.0,0.0,181.75,185.0,181.49000549316406,185.0,31371200,0.0,0.0
2024-06-07 00:00:00-04:00,194.4249530208514,196.71231401609788,193.9155481344315,196.66236877441406,53103900,0.0,0.0,176.84703699114831,177.66608903649112,174.10018952804216,174.260009765625,19661400,0.0,0.0,425.43321093193657,425.5130535956995,422.2389560533201,423.0874328613281,13621700,0.0,0.0,184.89999389648438,186.2899932861328,183.36000061035156,184.3000030517578,28021500,0.0,0.0
2024-06-10 00:00:00-04:00,196.67234166962024,197.07188834151233,191.9278335340749,192.89671325683594,97262100,0.0,0.0,174.97000122070312,177.05999755859375,172.75999450683594,175.00999450683594,23779200,0.2,0.0,423.93590960030053,427.3098028561661,423.12736935564175,427.1001892089844,14003000,0.0,0.0,184.07000732421875,187.22999572753906,183.7899932861328,187.05999755859375,34494500,0.0,0.0
2024-06-11 00:00:00-04:00,193.4261003259925,206.92049013592867,193.40613442314833,206.91049194335938,172373300,0.0,0.0,176.22000122070312,176.83999633789062,173.77000427246094,176.6199951171875,21540600,0.0,0.0,424.714492210749,432.04128251107204,424.4848950575601,431.9015197753906,14551100,0.0,0.0,187.05999755859375,187.77000427246094,184.5399932861328,187.22999572753906,27265100,0.0,0.0
2024-06-12 00:00:00-04:00,207.13024721546452,219.94541582044732,206.6607893800588,212.82366943359375,198134300,0.0,0.0,178.25,180.41000366210938,176.11000061035156,177.7899932861328,27864700,0.0,0.0,434.5367860452445,442.6022352259115,432.4705030473988,440.2664489746094,22366200,0.0,0.0,188.02000427246094,188.35000610351562,185.42999267578125,186.88999938964844,33984200,0.0,0.0
2024-06-13 00:00:00-04:00,214.49173148985017,216.49940211957852,211.3553624447995,213.9923095703125,97862700,0.0,0.0,176.11000061035156,176.74000549316406,174.8800048828125,175.16000366210938,20913300,0.0,0.0,440.0568553290733,442.59229404362975,438.5795070893568,440.7855224609375,15960600,0.0,0.0,186.08999633789062,187.6699981689453,182.6699981689453,183.8300018310547,39721500,0.0,0.0
2024-06-14 00:00:00-04:00,213.60276725932692,214.9212332396349,211.05571234780385,212.2443389892578,70122700,0.0,0.0,174.22000122070312,177.05999755859375,174.14999389648438,176.7899932861328,18063600,0.0,0.0,437.4914526433868,442.34272445223553,435.93426180663823,441.77374267578125,13582000,0.0,0.0,183.0800018310547,183.72000122070312,182.22999572753906,183.66000366210938,25456400,0.0,0.0
2024-06-17 00:00:00-04:00,213.12330688362184,218.6968573821251,212.4740644791458,216.41949462890625,93728300,0.0,0.0,175.4600067138672,178.36000061035156,174.80999755859375,177.24000549316406,19618500,0.0,0.0,441.79369397889576,450.1286768563718,439.92706333342124,447.56329345703125,20790000,0.0,0.0,182.52000427246094,185.0,181.22000122070312,184.05999755859375,35601900,0.0,0.0
2024-06-18 00:00:00-04:00,217.3384239953892,218.37723010733959,212.75373450133438,214.042236328125,79943300,0.0,0.0,177.13999938964844,177.38999938964844,174.10000610351562,175.08999633789062,21869900,0.0,0.0,448.90088872513473,449.3301382355733,444.0895838547788,445.5369567871094,17112500,0.0,0.0,183.74000549316406,184.2899932861328,181.42999267578125,182.80999755859375,36659200,0.0,0.0
2024-06-20 00:00:00-04:00,213.68266276066225,213.99231716432826,208.6085492903026,209.4375762939453,86172500,0.0,0.0,175.3699951171875,177.2899932861328,174.99000549316406,176.3000030517578,20160100,0.0,0.0,445.4970284658229,445.7266256285528,440.47607939422454,444.89813232421875,19877400,0.0,0.0,182.91000366210938,186.50999450683594,182.72000122070312,186.10000610351562,44726800,0.0,0.0
2024-06-21 00:00:00-04:00,210.14676322476728,211.64502904420556,206.8705565188874,207.2501220703125,246421400,0.0,0.0,177.0,180.85000610351562,176.61000061035156,179.6300048828125,58582700,0.0,0.0,446.57508828170745,449.769312632082,445.7066584412535,448.97076416015625,34486200,0.0,0.0,187.8000030517578,189.27999877929688,185.86000061035156,189.0800018310547,72931800,0.0,0.0
2024-06-24 00:00:00-04:00,207.4798404499802,212.454078428602,206.3511420510979,207.89935302734375,80727000,0.0,0.0,180.16000366210938,180.88999938964844,178.6699981689453,179.22000122070312,18298000,0.0,0.0,448.99073575427695,451.9354404836348,445.6068506710909,446.8645935058594,15913700,0.0,0.0,189.3300018310547,191.0,185.3300018310547,185.57000732421875,50610400,0.0,0.0
2024-06-25 00:00:00-04:00,208.9081869431628,211.1356197216104,208.36881796558913,208.8282928466797,56713900,0.0,0.0,179.6199951171875,184.2899932861328,179.4199981689453,184.02999877929688,23235600,0.0,0.0,447.4435174764647,450.60782747881404,445.94621624676097,450.138671875,16747500,0.0,0.0,186.80999755859375,188.83999633789062,185.4199981689453,186.33999633789062,45898500,0.0,0.0
2024-06-26 00:00:00-04:00,211.2554717695587,214.61158767540186,210.39646545910043,213.00344848632812,66213200,0.0,0.0,182.6300048828125,184.50999450683594,182.47999572753906,183.8800048828125,19839000,0.0,0.0,448.1921782643384,452.7839082321868,447.3836380189599,451.34649658203125,16507000,0.0,0.0,186.9199981689453,194.8000030517578,186.25999450683594,193.61000061035156,65103900,0.0,0.0
2024-06-27 00:00:00-04:00,214.4417922510153,215.4905813596252,212.1045012600432,213.85247802734375,49772700,0.0,0.0,184.17999267578125,186.0500030517578,184.02000427246094,185.41000366210938,18848900,0.0,0.0,451.36643984920676,455.3492818389116,450.9571738571483,452.0352478027344,14806300,0.0,0.0,195.00999450683594,199.83999633789062,194.1999969482422,197.85000610351562,74397500,0.0,0.0
2024-06-28 00:00:00-04:00,215.52053491072314,215.82019110439893,210.0568580061261,210.37648010253906,82542700,0.0,0.0,184.32000732421875,185.1300048828125,181.9600067138672,182.14999389648438,29156600,0.0,0.0,452.25485824092095,454.560699725703,445.6068370446384,446.1458740234375,28362300,0.0,0.0,197.72999572753906,198.85000610351562,192.5,193.25,76930200,0.0,0.0
2024-07-01 00:00:00-04:00,211.84478889932726,217.25852074788511,211.67498727343576,216.49940490722656,60402900,0.0,0.0,183.02999877929688,183.8800048828125,181.3000030517578,182.99000549316406,16006100,0.0,0.0,447.8527763611413,456.547096834103,444.8581739492551,455.90826416015625,17662800,0.0,0.0,193.49000549316406,198.3000030517578,192.82000732421875,197.1999969482422,41192000,0.0,0.0
2024-07-02 00:00:00-04:00,215.90008813229406,220.12520851414416,214.8513143018939,220.0153350830078,58046200,0.0,0.0,182.0500030517578,185.57000732421875,181.55999755859375,185.24000549316406,17372500,0.0,0.0,452.38462669565615,458.763114135567,452.2947618141318,458.45367431640625,13979800,0.0,0.0,197.27999877929688,200.42999267578125,195.92999267578125,200.0,45600000,0.0,0.0
2024-07-03 00:00:00-04:00,219.7456427738116,221.29385375976562,218.77676303865346,221.29385375976562,37369800,0.0,0.0,184.85000610351562,186.08999633789062,184.0,185.82000732421875,10242100,0.0,0.0,457.36563430230166,460.1905292078966,457.05619448636736,459.94097900390625,9932800,0.0,0.0,199.94000244140625,200.02999877929688,196.75999450683594,197.58999633789062,31597900,0.0,0.0
2024-07-05 00:00:00-04:00,221.39372811908063,226.1881815360653,221.39372811908063,226.07830810546875,60412400,0.0,0.0,185.86000061035156,190.86000061035156,185.8000030517578,190.60000610351562,20967500,0.0,0.0,458.78307168504375,467.5073677076921,458.1442389904913,466.7187805175781,16000300,0.0,0.0,198.64999389648438,200.5500030517578,198.1699981689453,200.0,39858900,0.0,0.0
2024-07-08 00:00:00-04:00,226.82744313327814,227.58657420321984,222.99188645966368,227.55661010742188,59085900,0.0,0.0,189.89999389648438,190.1699981689453,187.77999877929688,189.02999877929688,21035900,0.0,0.0,465.71059339028005,466.8585487354724,463.6243572737453,465.4011535644531,12962300,0.0,0.0,200.0399932861328,201.1999969482422,197.9600067138672,199.2899932861328,34767300,0.0,0.0
2024-07-09 00:00:00-04:00,227.66647075237483,229.13477242689476,226.10827678949187,228.4156036376953,48076100,0.0,0.0,190.30999755859375,191.36000061035156,188.72000122070312,188.97999572753906,15121400,0.0,0.0,466.15979611649647,466.4891889928316,457.1759884825597,458.7132263183594,17207200,0.0,0.0,199.39999389648438,200.57000732421875,199.0500030517578,199.33999633789062,32700100,0.0,0.0
2024-07-10 00:00:00-04:00,229.03489432853675,232.81052280414056,228.98494908857583,232.71063232421875,62627700,0.0,0.0,189.14999389648438,191.75,189.02999877929688,191.17999267578125,15952500,0.0,0.0,460.3901839011476,465.62074645537155,458.03441412289084,465.4111328125,18196100,0.0,0.0,200.0,200.11000061035156,197.69000244140625,199.7899932861328,32883800,0.0,0.0
2024-07-11 00:00:00-04:00,231.12247556848655,232.12131940866172,225.50897806386928,227.30690002441406,64710600,0.0,0.0,189.85000610351562,190.86000061035156,185.0800018310547,185.57000732421875,25625800,0.0,0.0,462.14702910596276,463.9437784065974,450.73757052011626,453.8819274902344,23111200,0.0,0.0,200.08999633789062,200.27000427246094,192.86000061035156,195.0500030517578,44565000,0.0,0.0
2024-07-12 00:00:00-04:00,228.65533061100126,232.3710309246342,228.4156026019726,230.27345275878906,53046500,0.0,0.0,185.0800018310547,187.11000061035156,184.49000549316406,185.07000732421875,22898400,0.0,0.0,453.5125737072739,455.5389201916152,449.8392019313785,452.7339782714844,16324300,0.0,0.0,194.8000030517578,196.47000122070312,193.8300018310547,194.49000549316406,30598500,0.0,0.0
2024-07-15 00:00:00-04:00,236.2065948881155,236.95572779308304,232.82051476730805,234.12899780273438,62631300,0.0,0.0,184.9199981689453,188.24000549316406,184.9199981689453,186.52999877929688,16474000,0.0,0.0,452.48443329494324,456.4373305955963,450.61780257874887,453.14324951171875,14429400,0.0,0.0,194.55999755859375,196.19000244140625,190.8300018310547,192.72000122070312,40683200,0.0,0.0
2024-07-16 00:00:00-04:00,234.72830752859608,235.9968435006337,232.06139624646423,234.54852294921875,43234300,0.0,0.0,187.36000061035156,188.67999267578125,183.3699951171875,183.9199981689453,18290700,0.0,0.0,453.4027989347938,453.4826416005614,445.8564028188264,448.71124267578125,17175700,0.0,0.0,195.58999633789062,196.6199951171875,192.24000549316406,193.02000427246094,33994700,0.0,0.0
2024-07-17 00:00:00-04:00,229.1847200362218,231.19240594396558,226.37797123546218,228.61538696289062,57345900,0.0,0.0,182.97000122070312,183.5500030517578,179.89999389648438,181.02000427246094,20734100,0.0,0.0,441.79369593210816,444.0496395265401,438.3898274906823,442.7220153808594,21778000,0.0,0.0,191.35000610351562,191.5800018310547,185.99000549316406,187.92999267578125,48076100,0.0,0.0
2024-07-18 00:00:00-04:00,230.01376046370817,230.17357913751758,222.01302671532576,223.92080688476562,66034600,0.0,0.0,181.92999267578125,182.5,176.47000122070312,177.69000244140625,25315700,0.0,0.0,443.5405562956479,443.84999611813106,433.61843753799087,439.57769775390625,20794800,0.0,0.0,189.58999633789062,189.67999267578125,181.4499969482422,183.75,51043600,0.0,0.0
2024-07-19 00:00:00-04:00,224.56007929212146,226.53778582663386,223.02185124438603,224.0506591796875,49151500,0.0,0.0,178.8800048828125,180.2899932861328,177.1300048828125,177.66000366210938,18881900,0.0,0.0,432.32078277543104,440.34632592638405,431.2227557769831,436.32354736328125,20940400,0.0,0.0,181.13999938964844,184.92999267578125,180.11000061035156,183.1300048828125,43081800,0.0,0.0
2024-07-22 00:00:00-04:00,226.74754193953342,227.5166559886428,222.8320757894778,223.70108032226562,48201800,0.0,0.0,180.58999633789062,182.6999969482422,180.22999572753906,181.6699981689453,24100300,0.0,0.0,440.9951415745854,443.8000833958314,438.12031838604275,442.14306640625,15808800,0.0,0.0,185.0,185.05999755859375,182.47999572753906,182.5500030517578,39931900,0.0,0.0
2024-07-23 00:00:00-04:00,224.1105879628454,226.67762395265615,222.42253943120292,224.74984741210938,39960300,0.0,0.0,182.0500030517578,183.61000061035156,181.5399932861328,181.7899932861328,36352700,0.0,0.0,443.1013491115581,447.5832916213236,442.30280062043124,444.0496520996094,13107100,0.0,0.0,184.10000610351562,189.38999938964844,183.55999755859375,186.41000366210938,47537700,0.0,0.0
2024-07-24 00:00:00-04:00,223.74101699336492,224.54009510228497,216.8789647868516,218.28732299804688,61777600,0.0,0.0,173.60000610351562,176.19000244140625,171.82000732421875,172.6300048828125,49585200,0.0,0.0,439.6575641864461,440.6857098144858,426.8206857763536,428.1283264160156,26805800,0.0,0.0,183.1999969482422,185.4499969482422,180.41000366210938,180.8300018310547,41532400,0.0,0.0
2024-07-25 00:00:00-04:00,218.67687825947047,220.59467187678908,214.37186367512805,217.23855590820312,51391200,0.0,0.0,172.52000427246094,173.4199981689453,167.19000244140625,167.27999877929688,44852000,0.0,0.0,428.02849922740444,429.0267000469298,416.7588339080866,417.647216796875,29943800,0.0,0.0,182.91000366210938,183.89999389648438,176.8000030517578,179.85000610351562,44464200,0.0,0.0
2024-07-26 00:00:00-04:00,218.44714249209272,219.2362376525438,215.7602501518015,217.7080078125,41601300,0.0,0.0,167.14999389648438,168.08999633789062,164.05999755859375,167.0,41336900,0.0,0.0,417.4475956401735,428.14830966269454,416.5192457247621,424.5048522949219,23583800,0.0,0.0,180.38999938964844,183.19000244140625,180.24000549316406,182.5,29506000,0.0,0.0
2024-07-29 00:00:00-04:00,216.70916725528429,219.04645819403996,215.50055949707524,217.98768615722656,36311800,0.0,0.0,168.8300018310547,170.42999267578125,167.99000549316406,169.52999877929688,20293800,0.0,0.0,430.8034993953489,431.3724811776246,423.93590329611,425.9622497558594,15125800,0.0,0.0,183.83999633789062,184.75,182.3800048828125,183.1999969482422,33270100,0.0,0.0
2024-07-30 00:00:00-04:00,218.93659134819188,220.07527275577738,215.87013333691414,218.5470428466797,41643800,0.0,0.0,170.24000549316406,171.22999572753906,168.44000244140625,170.2899932861328,18959700,0.0,0.0,426.950470567327,428.27806429980717,416.6090938774579,422.15911865234375,32687600,0.0,0.0,184.72000122070312,185.86000061035156,179.3800048828125,181.7100067138672,39508600,0.0,0.0
2024-07-31 00:00:00-04:00,221.1839827384757,223.56123595882272,220.3749216653048,221.8232421875,50036300,0.0,0.0,173.24000549316406,174.25,170.00999450683594,171.5399932861328,25729100,0.0,0.0,419.7434462343891,421.0211420698181,411.4683528789598,417.5973205566406,42891400,0.0,0.0,185.0500030517578,187.94000244140625,184.4600067138672,186.97999572753906,41667300,0.0,0.0
2024-08-01 00:00:00-04:00,224.110590003871,224.22046343714268,216.7690968426558,218.1075439453125,62501000,0.0,0.0,170.25,174.0500030517578,168.8800048828125,170.75999450683594,24531400,0.0,0.0,420.0329297410617,426.6909121222585,412.3467712755952,416.3595275878906,30296400,0.0,0.0,189.2899932861328,190.60000610351562,181.8699951171875,184.07000732421875,70435600,0.0,0.0
2024-08-02 00:00:00-04:00,218.89661861998934,225.3391734979224,217.45829631147987,219.60580444335938,105568600,0.0,0.0,166.44000244140625,168.50999450683594,164.6699981689453,166.66000366210938,29130100,0.0,0.0,411.747838603881,414.2533323621259,403.61250816930357,407.7550354003906,29437900,0.0,0.0,166.75,168.77000427246094,160.5500030517578,167.89999389648438,141448400,0.0,0.0
2024-08-05 00:00:00-04:00,198.85982239251607,213.25316621507156,195.7733984925247,209.02806091308594,119548600,0.0,0.0,155.5,164.42999267578125,154.92999267578125,159.25,53630700,0.0,0.0,388.46983486087413,400.31847397455925,384.8862670330075,394.4390563964844,40709200,0.0,0.0,154.2100067138672,162.9600067138672,151.61000061035156,161.02000427246094,83149400,0.0,0.0
2024-08-06 00:00:00-04:00,205.06264094927153,209.7472209414639,200.8375358240923,206.9904022216797,69660500,0.0,0.0,159.3300018310547,160.57000732421875,156.41000366210938,158.2899932861328,49004600,0.0,0.0,399.2803346769082,404.94014682452905,397.7830334218698,398.8910217285156,24946500,0.0,0.0,161.7100067138672,165.0800018310547,158.5399932861328,161.92999267578125,59950800,0.0,0.0
2024-08-07 00:00:00-04:00,206.66078565300305,213.3929986622491,206.15138077832643,209.57742309570312,63516400,0.0,0.0,161.25,162.97999572753906,158.47000122070312,158.94000244140625,25138600,0.0,0.0,407.9048180980064,409.34219932500315,396.7549009776476,397.7131652832031,20650900,0.0,0.0,166.5500030517578,167.5800018310547,161.42999267578125,162.77000427246094,48408200,0.0,0.0
2024-08-08 00:00:00-04:00,212.86361928255258,213.95235545083946,208.5885687073719,213.06338500976562,47161100,0.0,0.0,160.50999450683594,163.69000244140625,160.2100067138672,162.02999877929688,25578800,0.0,0.0,401.71593441788025,405.1297641120261,399.2204324052767,401.9654846191406,20203000,0.0,0.0,165.1699981689453,166.69000244140625,162.5500030517578,165.8000030517578,44616200,0.0,0.0
2024-08-09 00:00:00-04:00,211.85479245119006,216.5293744807485,211.72493786998632,215.99000549316406,42201600,0.0,0.0,160.00999450683594,163.7899932861328,159.05999755859375,163.6699981689453,28602300,0.0,0.0,403.3030798438404,407.3158362110672,401.5362753425401,405.28948974609375,19276700,0.0,0.0,166.39999389648438,168.5500030517578,165.85000610351562,166.94000244140625,36401000,0.0,0.0
2024-08-12 00:00:00-04:00,216.07000732421875,219.50999450683594,215.60000610351562,217.52999877929688,38028100,0.25,0.0,164.35000610351562,164.89999389648438,161.83999633789062,162.2899932861328,15895300,0.0,0.0,406.32761416420084,408.0245677048975,403.5126806044117,406.07806396484375,16762900,0.0,0.0,168.13999938964844,168.5500030517578,166.11000061035156,166.8000030517578,30072800,0.0,0.0
2024-08-13 00:00:00-04:00,219.00999450683594,221.88999938964844,219.00999450683594,221.27000427246094,44155300,0.0,0.0,163.41000366210938,164.72999572753906,162.97000122070312,164.16000366210938,18551700,0.0,0.0,408.85307563224285,414.20344793901165,408.83312258213994,413.26513671875,19414300,0.0,0.0,167.80999755859375,171.0399932861328,167.10000610351562,170.22999572753906,39237900,0.0,0.0
2024-08-14 00:00:00-04:00,220.57000732421875,223.02999877929688,219.6999969482422,221.72000122070312,41960600,0.0,0.0,162.39999389648438,163.22000122070312,157.7100067138672,160.3699951171875,40591100,0.0,0.0,414.05369406899246,416.96845391003643,411.70794647746885,416.1099853515625,18267000,0.0,0.0,172.11000061035156,172.27999877929688,168.86000061035156,170.10000610351562,28843800,0.0,0.0
2024-08-15 00:00:00-04:00,224.60000610351562,225.35000610351562,222.75999450683594,224.72000122070312,46414000,0.0,0.0,160.5,161.63999938964844,159.61000061035156,161.3000030517578,31524300,0.0,0.0,419.79998779296875,421.1099853515625,417.6600036621094,421.0299987792969,20752100,0.75,0.0,174.86000061035156,177.91000366210938,173.99000549316406,177.58999633789062,51698500,0.0,0.0
2024-08-16 00:00:00-04:00,223.9199981689453,226.8300018310547,223.64999389648438,226.0500030517578,44340200,0.0,0.0,161.47000122070312,165.05999755859375,161.1300048828125,162.9600067138672,24208600,0.0,0.0,420.6000061035156,421.3399963378906,417.29998779296875,418.4700012207031,22775600,0.0,0.0,177.0399932861328,178.33999633789062,176.25999450683594,177.05999755859375,31489200,0.0,0.0
2024-08-19 00:00:00-04:00,225.72000122070312,225.99000549316406,223.0399932861328,225.88999938964844,40687800,0.0,0.0,165.27999877929688,166.69000244140625,164.25999450683594,166.6699981689453,22416200,0.0,0.0,418.9599914550781,421.75,416.4599914550781,421.5299987792969,15234000,0.0,0.0,177.63999938964844,178.3000030517578,176.16000366210938,178.22000122070312,31129800,0.0,0.0
2024-08-20 00:00:00-04:00,225.77000427246094,227.1699981689453,225.4499969482422,226.50999450683594,30299000,0.0,0.0,166.89999389648438,168.63999938964844,166.82000732421875,167.17999267578125,18341500,0.0,0.0,421.70001220703125,425.8599853515625,421.6400146484375,424.79998779296875,16387600,0.0,0.0,177.9199981689453,179.00999450683594,177.42999267578125,178.8800048828125,26255200,0.0,0.0
2024-08-21 00:00:00-04:00,226.52000427246094,227.97999572753906,225.0500030517578,226.39999389648438,34765500,0.0,0.0,165.14999389648438,166.85000610351562,164.6699981689453,165.85000610351562,22902000,0.0,0.0,424.0799865722656,426.3999938964844,421.7200012207031,424.1400146484375,16067300,0.0,0.0,179.9199981689453,182.38999938964844,178.88999938964844,180.11000061035156,35599100,0.0,0.0
2024-08-22 00:00:00-04:00,227.7899932861328,228.33999633789062,223.89999389648438,224.52999877929688,43695300,0.0,0.0,167.25999450683594,167.58999633789062,163.30999755859375,163.8000030517578,22493300,0.0,0.0,424.3599853515625,426.7900085449219,414.6099853515625,415.54998779296875,19361900,0.0,0.0,181.3800048828125,181.47000122070312,175.67999267578125,176.1300048828125,32047500,0.0,0.0
2024-08-23 00:00:00-04:00,225.66000366210938,228.22000122070312,224.3300018310547,226.83999633789062,38677300,0.0,0.0,164.72000122070312,166.17999267578125,163.8300018310547,165.6199951171875,13955700,0.0,0.0,416.9800109863281,419.260009765625,412.0899963378906,416.7900085449219,18493800,0.0,0.0,177.33999633789062,178.97000122070312,175.24000549316406,177.0399932861328,29150100,0.0,0.0
2024-08-26 00:00:00-04:00,226.75999450683594,227.27999877929688,223.88999938964844,227.17999267578125,30602200,0.0,0.0,166.3800048828125,167.5500030517578,164.4600067138672,166.16000366210938,14190400,0.0,0.0,416.3699951171875,417.2799987792969,411.3399963378906,413.489990234375,13152800,0.0,0.0,176.6999969482422,177.47000122070312,174.3000030517578,175.5,22366200,0.0,0.0
2024-08-27 00:00:00-04:00,226.0,228.85000610351562,224.88999938964844,228.02999877929688,35934600,0.0,0.0,165.83999633789062,166.44000244140625,164.4600067138672,164.67999267578125,11821900,0.0,0.0,412.8599853515625,414.3599853515625,410.25,413.8399963378906,13492900,0.0,0.0,174.14999389648438,174.88999938964844,172.25,173.1199951171875,29842000,0.0,0.0
2024-08-28 00:00:00-04:00,227.9199981689453,229.86000061035156,225.67999267578125,226.49000549316406,38052200,0.0,0.0,165.0399932861328,165.60000610351562,161.52999877929688,162.85000610351562,16407400,0.0,0.0,414.8800048828125,415.0,407.30999755859375,410.6000061035156,14882700,0.0,0.0,173.69000244140625,173.69000244140625,168.9199981689453,170.8000030517578,29045000,0.0,0.0
2024-08-29 00:00:00-04:00,230.10000610351562,232.9199981689453,228.8800048828125,229.7899932861328,51906300,0.0,0.0,164.30999755859375,165.97000122070312,160.25,161.77999877929688,19699800,0.0,0.0,414.94000244140625,422.04998779296875,410.6000061035156,413.1199951171875,17045200,0.0,0.0,173.22000122070312,174.2899932861328,170.80999755859375,172.1199951171875,26407800,0.0,0.0
2024-08-30 00:00:00-04:00,230.19000244140625,230.39999389648438,227.47999572753906,229.0,52958500,0.0,0.0,162.6199951171875,163.66000366210938,161.69000244140625,163.3800048828125,22116800,0.0,0.0,415.6000061035156,417.489990234375,412.1300048828125,417.1400146484375,24298300,0.0,0.0,172.77999877929688,178.89999389648438,172.60000610351562,178.5,43377700,0.0,0.0
